date,driver_number,lap_number,x,y,z
2023-09-03T14:09:46.619000+00:00,1,33,-1363,-550,1872
2023-09-03T14:09:46.839000+00:00,1,33,-1335,-238,1874
2023-09-03T14:09:47.320000+00:00,1,33,-1309,57,1875
2023-09-03T14:09:47.399000+00:00,1,33,-1303,128,1875
2023-09-03T14:09:47.560000+00:00,1,33,-1290,268,1876
2023-09-03T14:09:47.780000+00:00,1,33,-1274,462,1877
2023-09-03T14:09:48.160000+00:00,1,33,-1240,852,1879
2023-09-03T14:09:48.480000+00:00,1,33,-1220,1083,1880
2023-09-03T14:09:48.760000+00:00,1,33,-1193,1404,1882
2023-09-03T14:09:49.140000+00:00,1,33,-1163,1745,1884
2023-09-03T14:09:49.600000+00:00,1,33,-1134,2087,1886
2023-09-03T14:09:49.800000+00:00,1,33,-1118,2267,1887
2023-09-03T14:09:50.799000+00:00,1,33,-1034,3247,1891
2023-09-03T14:09:51.099000+00:00,1,33,-1010,3519,1893
2023-09-03T14:09:51.379000+00:00,1,33,-988,3773,1894
2023-09-03T14:09:51.419000+00:00,1,33,-985,3809,1895
2023-09-03T14:09:51.659000+00:00,1,33,-967,4026,1896
2023-09-03T14:09:51.880000+00:00,1,33,-949,4225,1897
2023-09-03T14:09:52.140000+00:00,1,33,-922,4549,1898
2023-09-03T14:09:52.559000+00:00,1,33,-897,4836,1900
2023-09-03T14:09:52.720000+00:00,1,33,-884,4980,1900
2023-09-03T14:09:52.879000+00:00,1,33,-872,5123,1901
2023-09-03T14:09:53.260000+00:00,1,33,-843,5462,1902
2023-09-03T14:09:53.419000+00:00,1,33,-831,5604,1903
2023-09-03T14:09:53.679000+00:00,1,33,-808,5869,1905
2023-09-03T14:09:53.939000+00:00,1,33,-791,6064,1906
2023-09-03T14:09:54.259000+00:00,1,33,-761,6429,1908
2023-09-03T14:09:54.640000+00:00,1,33,-741,6666,1910
2023-09-03T14:09:54.880000+00:00,1,33,-724,6864,1911
2023-09-03T14:09:55.079000+00:00,1,33,-711,7024,1911
2023-09-03T14:09:55.339000+00:00,1,33,-694,7218,1912
2023-09-03T14:09:55.540000+00:00,1,33,-684,7346,1913
2023-09-03T14:09:55.619000+00:00,1,33,-680,7397,1913
2023-09-03T14:09:55.940000+00:00,1,33,-663,7595,1914
2023-09-03T14:09:56.340000+00:00,1,33,-646,7787,1915
2023-09-03T14:09:56.380000+00:00,1,33,-644,7805,1915
2023-09-03T14:09:56.640000+00:00,1,33,-632,7914,1916
2023-09-03T14:09:56.940000+00:00,1,33,-614,8021,1917
2023-09-03T14:09:57.120000+00:00,1,33,-599,8076,1918
2023-09-03T14:09:57.301000+00:00,1,33,-581,8126,1918
2023-09-03T14:09:57.519000+00:00,1,33,-534,8209,1919
2023-09-03T14:09:57.840000+00:00,1,33,-505,8242,1919
2023-09-03T14:09:58.100000+00:00,1,33,-459,8277,1919
2023-09-03T14:09:58.279000+00:00,1,33,-423,8294,1920
2023-09-03T14:09:58.599000+00:00,1,33,-358,8310,1920
2023-09-03T14:09:58.680000+00:00,1,33,-341,8313,1920
2023-09-03T14:09:58.879000+00:00,1,33,-300,8321,1920
2023-09-03T14:09:59.099000+00:00,1,33,-256,8335,1920
2023-09-03T14:09:59.300000+00:00,1,33,-220,8355,1920
2023-09-03T14:09:59.520000+00:00,1,33,-187,8387,1921
2023-09-03T14:09:59.800000+00:00,1,33,-161,8438,1921
2023-09-03T14:10:00.020000+00:00,1,33,-150,8481,1922
2023-09-03T14:10:00.219000+00:00,1,33,-144,8519,1922
2023-09-03T14:10:00.400000+00:00,1,33,-142,8553,1923
2023-09-03T14:10:00.519000+00:00,1,33,-141,8576,1923
2023-09-03T14:10:00.720000+00:00,1,33,-142,8615,1923
2023-09-03T14:10:01.039000+00:00,1,33,-150,8680,1923
2023-09-03T14:10:01.280000+00:00,1,33,-165,8755,1924
2023-09-03T14:10:01.540000+00:00,1,33,-174,8793,1924
2023-09-03T14:10:01.840000+00:00,1,33,-194,8871,1924
2023-09-03T14:10:02.060000+00:00,1,33,-211,8934,1925
2023-09-03T14:10:02.260000+00:00,1,33,-228,8996,1925
2023-09-03T14:10:02.460000+00:00,1,33,-245,9061,1925
2023-09-03T14:10:02.680000+00:00,1,33,-264,9133,1925
2023-09-03T14:10:02.940000+00:00,1,33,-300,9280,1926
2023-09-03T14:10:03.200000+00:00,1,33,-314,9338,1926
2023-09-03T14:10:03.460000+00:00,1,33,-341,9454,1928
2023-09-03T14:10:03.760000+00:00,1,33,-375,9629,1928
2023-09-03T14:10:04.139000+00:00,1,33,-405,9840,1930
2023-09-03T14:10:04.439000+00:00,1,33,-416,9964,1930
2023-09-03T14:10:04.620000+00:00,1,33,-421,10069,1931
2023-09-03T14:10:04.999000+00:00,1,33,-427,10375,1933
2023-09-03T14:10:05.240000+00:00,1,33,-426,10452,1933
2023-09-03T14:10:05.579000+00:00,1,33,-421,10673,1934
2023-09-03T14:10:05.800000+00:00,1,33,-413,10820,1935
2023-09-03T14:10:05.980000+00:00,1,33,-404,10943,1935
2023-09-03T14:10:06.219000+00:00,1,33,-385,11152,1936
2023-09-03T14:10:06.580000+00:00,1,33,-358,11365,1936
2023-09-03T14:10:06.660000+00:00,1,33,-350,11423,1936
2023-09-03T14:10:06.880000+00:00,1,33,-322,11581,1936
2023-09-03T14:10:07.100000+00:00,1,33,-286,11741,1936
2023-09-03T14:10:07.380000+00:00,1,33,-230,11944,1937
2023-09-03T14:10:07.539000+00:00,1,33,-192,12060,1937
2023-09-03T14:10:07.859000+00:00,1,33,-89,12318,1936
2023-09-03T14:10:08.100000+00:00,1,33,-22,12460,1937
2023-09-03T14:10:08.360000+00:00,1,33,76,12640,1937
2023-09-03T14:10:08.679000+00:00,1,33,215,12855,1936
2023-09-03T14:10:08.760000+00:00,1,33,252,12907,1937
2023-09-03T14:10:09+00:00,1,33,461,13161,1938
2023-09-03T14:10:09.420000+00:00,1,33,630,13325,1938
2023-09-03T14:10:09.660000+00:00,1,33,781,13454,1938
2023-09-03T14:10:09.760000+00:00,1,33,846,13505,1939
2023-09-03T14:10:10.040000+00:00,1,33,1120,13695,1940
2023-09-03T14:10:10.479000+00:00,1,33,1354,13828,1942
2023-09-03T14:10:10.679000+00:00,1,33,1506,13904,1943
2023-09-03T14:10:10.859000+00:00,1,33,1645,13966,1943
2023-09-03T14:10:11.039000+00:00,1,33,1787,14023,1944
2023-09-03T14:10:11.220000+00:00,1,33,1932,14074,1945
2023-09-03T14:10:11.460000+00:00,1,33,2278,14168,1948
2023-09-03T14:10:11.800000+00:00,1,33,2447,14203,1950
2023-09-03T14:10:12.179000+00:00,1,33,2823,14265,1954
2023-09-03T14:10:12.499000+00:00,1,33,3046,14295,1955
2023-09-03T14:10:12.699000+00:00,1,33,3218,14315,1957
2023-09-03T14:10:12.920000+00:00,1,33,3529,14342,1959
2023-09-03T14:10:13.279000+00:00,1,33,3719,14358,1960
2023-09-03T14:10:13.519000+00:00,1,33,3927,14376,1962
2023-09-03T14:10:13.680000+00:00,1,33,4066,14388,1963
2023-09-03T14:10:13.940000+00:00,1,33,4291,14405,1965
2023-09-03T14:10:14.180000+00:00,1,33,4551,14424,1966
2023-09-03T14:10:14.560000+00:00,1,33,4828,14441,1967
2023-09-03T14:10:14.800000+00:00,1,33,5035,14452,1967
2023-09-03T14:10:15+00:00,1,33,5205,14460,1967
2023-09-03T14:10:15.240000+00:00,1,33,5455,14470,1967
2023-09-03T14:10:15.640000+00:00,1,33,5723,14481,1967
2023-09-03T14:10:15.800000+00:00,1,33,5841,14485,1967
2023-09-03T14:10:16+00:00,1,33,6041,14492,1966
2023-09-03T14:10:16.460000+00:00,1,33,6271,14501,1966
2023-09-03T14:10:16.740000+00:00,1,33,6378,14507,1966
2023-09-03T14:10:17.099000+00:00,1,33,6526,14526,1965
2023-09-03T14:10:17.279000+00:00,1,33,6593,14541,1965
2023-09-03T14:10:17.440000+00:00,1,33,6649,14558,1964
2023-09-03T14:10:17.599000+00:00,1,33,6702,14576,1964
2023-09-03T14:10:17.779000+00:00,1,33,6756,14601,1963
2023-09-03T14:10:18.119000+00:00,1,33,6840,14657,1963
2023-09-03T14:10:18.280000+00:00,1,33,6890,14720,1963
2023-09-03T14:10:18.759000+00:00,1,33,6938,14822,1962
2023-09-03T14:10:18.919000+00:00,1,33,6962,14866,1961
2023-09-03T14:10:19.180000+00:00,1,33,7031,14946,1961
2023-09-03T14:10:19.539000+00:00,1,33,7137,15022,1961
2023-09-03T14:10:19.980000+00:00,1,33,7230,15067,1961
2023-09-03T14:10:20.200000+00:00,1,33,7301,15092,1960
2023-09-03T14:10:20.760000+00:00,1,33,7502,15140,1959
2023-09-03T14:10:20.980000+00:00,1,33,7591,15156,1959
2023-09-03T14:10:21.340000+00:00,1,33,7795,15194,1957
2023-09-03T14:10:21.640000+00:00,1,33,7890,15216,1957
2023-09-03T14:10:21.820000+00:00,1,33,7979,15240,1956
2023-09-03T14:10:22.180000+00:00,1,33,8228,15316,1955
2023-09-03T14:10:22.580000+00:00,1,33,8378,15362,1954
2023-09-03T14:10:22.820000+00:00,1,33,8512,15407,1953
2023-09-03T14:10:22.960000+00:00,1,33,8659,15461,1953
2023-09-03T14:10:23.320000+00:00,1,33,8797,15516,1952
2023-09-03T14:10:23.480000+00:00,1,33,8891,15553,1951
2023-09-03T14:10:23.839000+00:00,1,33,9108,15633,1950
2023-09-03T14:10:23.899000+00:00,1,33,9145,15646,1950
2023-09-03T14:10:24.099000+00:00,1,33,9270,15688,1950
2023-09-03T14:10:24.419000+00:00,1,33,9472,15756,1950
2023-09-03T14:10:24.579000+00:00,1,33,9571,15789,1950
2023-09-03T14:10:24.899000+00:00,1,33,9768,15848,1946
2023-09-03T14:10:24.919000+00:00,1,33,9786,15852,1945
2023-09-03T14:10:25.259000+00:00,1,33,10058,15882,1942
2023-09-03T14:10:25.640000+00:00,1,33,10243,15859,1940
2023-09-03T14:10:26.039000+00:00,1,33,10374,15816,1939
2023-09-03T14:10:26.279000+00:00,1,33,10526,15730,1938
2023-09-03T14:10:26.740000+00:00,1,33,10649,15623,1937
2023-09-03T14:10:26.980000+00:00,1,33,10721,15533,1936
2023-09-03T14:10:27.120000+00:00,1,33,10758,15475,1937
2023-09-03T14:10:27.380000+00:00,1,33,10826,15329,1937
2023-09-03T14:10:27.699000+00:00,1,33,10885,15126,1937
2023-09-03T14:10:28.200000+00:00,1,33,10927,14858,1936
2023-09-03T14:10:28.559000+00:00,1,33,10941,14717,1935
2023-09-03T14:10:28.720000+00:00,1,33,10950,14621,1933
2023-09-03T14:10:29.020000+00:00,1,33,10964,14435,1933
2023-09-03T14:10:29.140000+00:00,1,33,10969,14359,1933
2023-09-03T14:10:29.420000+00:00,1,33,10980,14180,1933
2023-09-03T14:10:29.640000+00:00,1,33,10990,14037,1933
2023-09-03T14:10:29.800000+00:00,1,33,11006,13840,1933
2023-09-03T14:10:30.259000+00:00,1,33,11026,13625,1932
2023-09-03T14:10:30.439000+00:00,1,33,11044,13451,1932
2023-09-03T14:10:30.719000+00:00,1,33,11055,13323,1932
2023-09-03T14:10:31.020000+00:00,1,33,11067,13073,1932
2023-09-03T14:10:31.419000+00:00,1,33,11061,12943,1931
2023-09-03T14:10:31.640000+00:00,1,33,11044,12840,1929
2023-09-03T14:10:31.840000+00:00,1,33,11018,12750,1928
2023-09-03T14:10:32.099000+00:00,1,33,10968,12645,1928
2023-09-03T14:10:32.299000+00:00,1,33,10879,12528,1929
2023-09-03T14:10:32.700000+00:00,1,33,10781,12440,1930
2023-09-03T14:10:32.819000+00:00,1,33,10733,12405,1930
2023-09-03T14:10:33.020000+00:00,1,33,10648,12351,1930
2023-09-03T14:10:33.240000+00:00,1,33,10549,12295,1929
2023-09-03T14:10:33.459000+00:00,1,33,10444,12241,1928
2023-09-03T14:10:33.640000+00:00,1,33,10355,12196,1927
2023-09-03T14:10:34.020000+00:00,1,33,10158,12098,1925
2023-09-03T14:10:34.140000+00:00,1,33,10094,12065,1925
2023-09-03T14:10:34.400000+00:00,1,33,9896,11960,1924
2023-09-03T14:10:34.840000+00:00,1,33,9671,11838,1925
2023-09-03T14:10:35.180000+00:00,1,33,9506,11750,1925
2023-09-03T14:10:35.340000+00:00,1,33,9409,11698,1925
2023-09-03T14:10:35.660000+00:00,1,33,9127,11540,1925
2023-09-03T14:10:35.921000+00:00,1,33,9052,11497,1924
2023-09-03T14:10:36.201000+00:00,1,33,8876,11395,1924
2023-09-03T14:10:36.440000+00:00,1,33,8721,11308,1925
2023-09-03T14:10:36.680000+00:00,1,33,8563,11220,1925
2023-09-03T14:10:36.899000+00:00,1,33,8417,11138,1925
2023-09-03T14:10:37.040000+00:00,1,33,8324,11086,1924
2023-09-03T14:10:37.259000+00:00,1,33,8108,10962,1926
2023-09-03T14:10:37.560000+00:00,1,33,7972,10884,1926
2023-09-03T14:10:37.759000+00:00,1,33,7837,10803,1926
2023-09-03T14:10:38.059000+00:00,1,33,7636,10674,1927
2023-09-03T14:10:38.200000+00:00,1,33,7543,10610,1927
2023-09-03T14:10:38.420000+00:00,1,33,7378,10489,1927
2023-09-03T14:10:38.599000+00:00,1,33,7264,10397,1927
2023-09-03T14:10:38.960000+00:00,1,33,6957,10147,1921
2023-09-03T14:10:39.339000+00:00,1,33,6731,9953,1914
2023-09-03T14:10:40.360000+00:00,1,33,6144,9442,1895
2023-09-03T14:10:40.539000+00:00,1,33,6028,9341,1891
2023-09-03T14:10:40.860000+00:00,1,33,5742,9093,1883
2023-09-03T14:10:41.180000+00:00,1,33,5612,8980,1879
2023-09-03T14:10:41.420000+00:00,1,33,5456,8844,1876
2023-09-03T14:10:41.619000+00:00,1,33,5234,8651,1876
2023-09-03T14:10:41.940000+00:00,1,33,5117,8549,1876
2023-09-03T14:10:42.320000+00:00,1,33,4777,8254,1879
2023-09-03T14:10:42.560000+00:00,1,33,4712,8197,1881
2023-09-03T14:10:42.760000+00:00,1,33,4581,8084,1884
2023-09-03T14:10:43.001000+00:00,1,33,4430,7952,1886
2023-09-03T14:10:43.220000+00:00,1,33,4291,7832,1890
2023-09-03T14:10:43.419000+00:00,1,33,4107,7671,1895
2023-09-03T14:10:43.739000+00:00,1,33,3860,7457,1897
2023-09-03T14:10:43.999000+00:00,1,33,3731,7344,1901
2023-09-03T14:10:44.199000+00:00,1,33,3602,7232,1903
2023-09-03T14:10:44.519000+00:00,1,33,3334,6999,1906
2023-09-03T14:10:44.920000+00:00,1,33,3148,6838,1908
2023-09-03T14:10:45.180000+00:00,1,33,3018,6724,1909
2023-09-03T14:10:45.319000+00:00,1,33,2954,6667,1909
2023-09-03T14:10:45.540000+00:00,1,33,2844,6567,1910
2023-09-03T14:10:45.800000+00:00,1,33,2704,6425,1909
2023-09-03T14:10:46.239000+00:00,1,33,2605,6281,1908
2023-09-03T14:10:46.380000+00:00,1,33,2580,6219,1907
2023-09-03T14:10:46.560000+00:00,1,33,2558,6132,1907
2023-09-03T14:10:46.880000+00:00,1,33,2544,5944,1907
2023-09-03T14:10:47.299000+00:00,1,33,2545,5723,1906
2023-09-03T14:10:47.599000+00:00,1,33,2540,5583,1905
2023-09-03T14:10:47.840000+00:00,1,33,2525,5452,1904
2023-09-03T14:10:48.100000+00:00,1,33,2490,5312,1902
2023-09-03T14:10:48.340000+00:00,1,33,2442,5184,1902
2023-09-03T14:10:48.560000+00:00,1,33,2387,5072,1901
2023-09-03T14:10:48.740000+00:00,1,33,2319,4964,1900
2023-09-03T14:10:49.040000+00:00,1,33,2220,4843,1899
2023-09-03T14:10:49.280000+00:00,1,33,2062,4681,1899
2023-09-03T14:10:49.700000+00:00,1,33,1943,4536,1898
2023-09-03T14:10:49.979000+00:00,1,33,1839,4326,1898
2023-09-03T14:10:50.419000+00:00,1,33,1759,4003,1896
2023-09-03T14:10:50.699000+00:00,1,33,1743,3893,1896
2023-09-03T14:10:50.999000+00:00,1,33,1718,3623,1894
2023-09-03T14:10:51.279000+00:00,1,33,1705,3479,1893
2023-09-03T14:10:51.619000+00:00,1,33,1673,3157,1892
2023-09-03T14:10:51.980000+00:00,1,33,1656,2978,1891
2023-09-03T14:10:52.219000+00:00,1,33,1640,2796,1891
2023-09-03T14:10:52.439000+00:00,1,33,1615,2518,1889
2023-09-03T14:10:52.880000+00:00,1,33,1583,2172,1886
2023-09-03T14:10:53.279000+00:00,1,33,1564,1965,1885
2023-09-03T14:10:53.360000+00:00,1,33,1558,1901,1884
2023-09-03T14:10:53.620000+00:00,1,33,1539,1691,1883
2023-09-03T14:10:53.839000+00:00,1,33,1522,1512,1881
2023-09-03T14:10:54.080000+00:00,1,33,1504,1315,1880
2023-09-03T14:10:54.300000+00:00,1,33,1487,1133,1879
2023-09-03T14:10:54.500000+00:00,1,33,1472,966,1878
2023-09-03T14:10:54.660000+00:00,1,33,1460,832,1877
2023-09-03T14:10:54.840000+00:00,1,33,1446,681,1876
2023-09-03T14:10:55.180000+00:00,1,33,1419,393,1875
2023-09-03T14:10:55.280000+00:00,1,33,1411,308,1875
2023-09-03T14:10:55.460000+00:00,1,33,1397,155,1873
2023-09-03T14:10:55.720000+00:00,1,33,1377,-67,1872
2023-09-03T14:10:56.020000+00:00,1,33,1353,-325,1871
2023-09-03T14:10:56.260000+00:00,1,33,1334,-533,1870
2023-09-03T14:10:56.480000+00:00,1,33,1317,-723,1869
2023-09-03T14:10:56.679000+00:00,1,33,1291,-1002,1867
2023-09-03T14:10:57.099000+00:00,1,33,1255,-1387,1866
2023-09-03T14:10:57.379000+00:00,1,33,1244,-1510,1865
2023-09-03T14:10:57.659000+00:00,1,33,1222,-1756,1863
2023-09-03T14:10:57.819000+00:00,1,33,1209,-1896,1863
2023-09-03T14:10:58.139000+00:00,1,33,1183,-2177,1861
2023-09-03T14:10:58.340000+00:00,1,33,1167,-2352,1860
2023-09-03T14:10:58.540000+00:00,1,33,1151,-2527,1859
2023-09-03T14:10:58.739000+00:00,1,33,1130,-2750,1857
2023-09-03T14:10:58.900000+00:00,1,33,1115,-2918,1856
2023-09-03T14:10:59.180000+00:00,1,33,1088,-3216,1855
2023-09-03T14:10:59.440000+00:00,1,33,1071,-3391,1854
2023-09-03T14:10:59.680000+00:00,1,33,1052,-3601,1853
2023-09-03T14:10:59.980000+00:00,1,33,1027,-3862,1851
2023-09-03T14:11:00.140000+00:00,1,33,1001,-4122,1850
2023-09-03T14:11:00.500000+00:00,1,33,981,-4311,1849
2023-09-03T14:11:00.800000+00:00,1,33,950,-4562,1849
2023-09-03T14:11:01.020000+00:00,1,33,911,-4813,1848
2023-09-03T14:11:01.400000+00:00,1,33,875,-4983,1846
2023-09-03T14:11:01.540000+00:00,1,33,853,-5072,1846
2023-09-03T14:11:01.820000+00:00,1,33,772,-5304,1844
2023-09-03T14:11:02.240000+00:00,1,33,692,-5453,1843
2023-09-03T14:11:02.420000+00:00,1,33,632,-5531,1843
2023-09-03T14:11:02.700000+00:00,1,33,523,-5636,1842
2023-09-03T14:11:02.940000+00:00,1,33,415,-5706,1843
2023-09-03T14:11:03.099000+00:00,1,33,339,-5743,1843
2023-09-03T14:11:03.359000+00:00,1,33,208,-5783,1843
2023-09-03T14:11:03.379000+00:00,1,33,198,-5785,1843
2023-09-03T14:11:03.639000+00:00,1,33,61,-5801,1843
2023-09-03T14:11:03.859000+00:00,1,33,-56,-5797,1843
2023-09-03T14:11:04.179000+00:00,1,33,-229,-5765,1843
2023-09-03T14:11:04.379000+00:00,1,33,-335,-5731,1844
2023-09-03T14:11:04.560000+00:00,1,33,-481,-5665,1845
2023-09-03T14:11:04.959000+00:00,1,33,-669,-5545,1844
2023-09-03T14:11:05.160000+00:00,1,33,-764,-5467,1845
2023-09-03T14:11:05.360000+00:00,1,33,-854,-5380,1846
2023-09-03T14:11:05.579000+00:00,1,33,-947,-5275,1846
2023-09-03T14:11:05.779000+00:00,1,33,-1077,-5095,1847
2023-09-03T14:11:06.140000+00:00,1,33,-1152,-4967,1848
2023-09-03T14:11:06.460000+00:00,1,33,-1247,-4770,1848
2023-09-03T14:11:06.540000+00:00,1,33,-1269,-4719,1849
2023-09-03T14:11:06.860000+00:00,1,33,-1345,-4505,1850
2023-09-03T14:11:07.020000+00:00,1,33,-1376,-4395,1851
2023-09-03T14:11:07.300000+00:00,1,33,-1423,-4197,1853
2023-09-03T14:11:07.500000+00:00,1,33,-1449,-4052,1853
2023-09-03T14:11:07.540000+00:00,1,33,-1453,-4022,1853
2023-09-03T14:11:07.820000+00:00,1,33,-1477,-3821,1855
2023-09-03T14:11:08+00:00,1,33,-1487,-3684,1855
2023-09-03T14:11:08.280000+00:00,1,33,-1495,-3468,1856
2023-09-03T14:11:08.500000+00:00,1,33,-1499,-3297,1857
2023-09-03T14:11:08.740000+00:00,1,33,-1499,-3048,1859
2023-09-03T14:11:09.060000+00:00,1,33,-1497,-2856,1860
2023-09-03T14:11:09.260000+00:00,1,33,-1494,-2695,1861
2023-09-03T14:11:09.440000+00:00,1,33,-1490,-2541,1861
2023-09-03T14:11:09.739000+00:00,1,33,-1481,-2296,1863
2023-09-03T14:11:09.919000+00:00,1,33,-1474,-2148,1864
2023-09-03T14:11:10.119000+00:00,1,33,-1466,-1982,1865
2023-09-03T14:11:10.379000+00:00,1,33,-1454,-1765,1866
2023-09-03T14:11:10.579000+00:00,1,33,-1443,-1597,1868
2023-09-03T14:11:10.659000+00:00,1,33,-1439,-1529,1868
2023-09-03T14:11:10.859000+00:00,1,33,-1427,-1360,1869
2023-09-03T14:11:11.239000+00:00,1,33,-1400,-1002,1870
2023-09-03T14:11:11.620000+00:00,1,33,-1381,-764,1871
2023-09-03T14:05:30.360000+00:00,1,30,-1359,-509,1872
2023-09-03T14:05:30.560000+00:00,1,30,-1344,-336,1873
2023-09-03T14:05:30.840000+00:00,1,30,-1312,28,1875
2023-09-03T14:05:31.260000+00:00,1,30,-1290,272,1876
2023-09-03T14:05:31.440000+00:00,1,30,-1276,430,1877
2023-09-03T14:05:31.639000+00:00,1,30,-1261,606,1878
2023-09-03T14:05:31.840000+00:00,1,30,-1246,783,1879
2023-09-03T14:05:32.100000+00:00,1,30,-1226,1013,1880
2023-09-03T14:05:32.340000+00:00,1,30,-1203,1280,1881
2023-09-03T14:05:32.760000+00:00,1,30,-1176,1601,1883
2023-09-03T14:05:32.800000+00:00,1,30,-1173,1637,1883
2023-09-03T14:05:33.180000+00:00,1,30,-1132,2102,1886
2023-09-03T14:05:33.440000+00:00,1,30,-1123,2210,1886
2023-09-03T14:05:33.720000+00:00,1,30,-1101,2462,1887
2023-09-03T14:05:33.860000+00:00,1,30,-1091,2588,1888
2023-09-03T14:05:34.141000+00:00,1,30,-1064,2902,1890
2023-09-03T14:05:34.400000+00:00,1,30,-1043,3137,1891
2023-09-03T14:05:34.579000+00:00,1,30,-1025,3353,1892
2023-09-03T14:05:34.980000+00:00,1,30,-987,3789,1894
2023-09-03T14:05:35.379000+00:00,1,30,-956,4150,1896
2023-09-03T14:05:35.639000+00:00,1,30,-947,4258,1897
2023-09-03T14:05:35.959000+00:00,1,30,-911,4671,1898
2023-09-03T14:05:36.360000+00:00,1,30,-891,4904,1900
2023-09-03T14:05:36.519000+00:00,1,30,-879,5047,1901
2023-09-03T14:05:36.799000+00:00,1,30,-857,5297,1902
2023-09-03T14:05:37.059000+00:00,1,30,-837,5529,1903
2023-09-03T14:05:37.259000+00:00,1,30,-822,5707,1904
2023-09-03T14:05:37.460000+00:00,1,30,-798,5990,1906
2023-09-03T14:05:37.780000+00:00,1,30,-780,6194,1907
2023-09-03T14:05:38.080000+00:00,1,30,-751,6541,1909
2023-09-03T14:05:38.460000+00:00,1,30,-728,6813,1911
2023-09-03T14:05:38.780000+00:00,1,30,-711,7019,1911
2023-09-03T14:05:39.040000+00:00,1,30,-695,7207,1912
2023-09-03T14:05:39.240000+00:00,1,30,-677,7425,1913
2023-09-03T14:05:39.720000+00:00,1,30,-654,7699,1915
2023-09-03T14:05:40.040000+00:00,1,30,-646,7786,1915
2023-09-03T14:05:40.200000+00:00,1,30,-639,7856,1916
2023-09-03T14:05:40.480000+00:00,1,30,-624,7968,1917
2023-09-03T14:05:40.700000+00:00,1,30,-609,8042,1917
2023-09-03T14:05:40.799000+00:00,1,30,-600,8072,1918
2023-09-03T14:05:40.999000+00:00,1,30,-580,8127,1918
2023-09-03T14:05:41.279000+00:00,1,30,-523,8222,1919
2023-09-03T14:05:41.599000+00:00,1,30,-493,8253,1919
2023-09-03T14:05:41.879000+00:00,1,30,-440,8287,1920
2023-09-03T14:05:42.119000+00:00,1,30,-390,8304,1920
2023-09-03T14:05:42.280000+00:00,1,30,-357,8311,1920
2023-09-03T14:05:42.600000+00:00,1,30,-283,8326,1920
2023-09-03T14:05:42.900000+00:00,1,30,-235,8346,1920
2023-09-03T14:05:43.100000+00:00,1,30,-202,8370,1921
2023-09-03T14:05:43.259000+00:00,1,30,-181,8396,1921
2023-09-03T14:05:43.559000+00:00,1,30,-156,8454,1922
2023-09-03T14:05:43.839000+00:00,1,30,-145,8510,1922
2023-09-03T14:05:44+00:00,1,30,-142,8540,1922
2023-09-03T14:05:44.240000+00:00,1,30,-141,8592,1923
2023-09-03T14:05:44.560000+00:00,1,30,-145,8646,1923
2023-09-03T14:05:44.760000+00:00,1,30,-151,8687,1923
2023-09-03T14:05:45.020000+00:00,1,30,-166,8761,1924
2023-09-03T14:05:45.300000+00:00,1,30,-178,8808,1924
2023-09-03T14:05:45.580000+00:00,1,30,-196,8878,1925
2023-09-03T14:05:45.860000+00:00,1,30,-217,8956,1925
2023-09-03T14:05:45.940000+00:00,1,30,-224,8980,1925
2023-09-03T14:05:46.300000+00:00,1,30,-265,9138,1926
2023-09-03T14:05:46.700000+00:00,1,30,-305,9298,1926
2023-09-03T14:05:47.100000+00:00,1,30,-330,9404,1927
2023-09-03T14:05:47.280000+00:00,1,30,-353,9511,1928
2023-09-03T14:05:47.579000+00:00,1,30,-373,9617,1928
2023-09-03T14:05:47.819000+00:00,1,30,-393,9742,1929
2023-09-03T14:05:47.959000+00:00,1,30,-402,9817,1930
2023-09-03T14:05:48.339000+00:00,1,30,-422,10090,1931
2023-09-03T14:05:48.580000+00:00,1,30,-425,10173,1933
2023-09-03T14:05:48.900000+00:00,1,30,-427,10370,1933
2023-09-03T14:05:48.999000+00:00,1,30,-426,10433,1933
2023-09-03T14:05:49.199000+00:00,1,30,-424,10562,1934
2023-09-03T14:05:49.460000+00:00,1,30,-418,10733,1934
2023-09-03T14:05:49.740000+00:00,1,30,-399,11006,1935
2023-09-03T14:05:50.160000+00:00,1,30,-378,11216,1936
2023-09-03T14:05:50.339000+00:00,1,30,-347,11439,1936
2023-09-03T14:05:50.679000+00:00,1,30,-313,11626,1936
2023-09-03T14:05:50.880000+00:00,1,30,-279,11770,1936
2023-09-03T14:05:51.020000+00:00,1,30,-252,11871,1937
2023-09-03T14:05:51.300000+00:00,1,30,-150,12175,1937
2023-09-03T14:05:51.800000+00:00,1,30,-23,12457,1937
2023-09-03T14:05:52.220000+00:00,1,30,124,12718,1937
2023-09-03T14:05:52.380000+00:00,1,30,194,12825,1937
2023-09-03T14:05:52.560000+00:00,1,30,278,12942,1936
2023-09-03T14:05:52.760000+00:00,1,30,463,13163,1938
2023-09-03T14:05:53.220000+00:00,1,30,705,13391,1938
2023-09-03T14:05:53.480000+00:00,1,30,820,13485,1939
2023-09-03T14:05:53.820000+00:00,1,30,1049,13649,1939
2023-09-03T14:05:54.059000+00:00,1,30,1220,13754,1941
2023-09-03T14:05:54.280000+00:00,1,30,1427,13866,1942
2023-09-03T14:05:54.619000+00:00,1,30,1721,13998,1944
2023-09-03T14:05:54.959000+00:00,1,30,1912,14068,1945
2023-09-03T14:05:55.259000+00:00,1,30,2178,14144,1948
2023-09-03T14:05:55.459000+00:00,1,30,2397,14193,1950
2023-09-03T14:05:55.819000+00:00,1,30,2652,14240,1952
2023-09-03T14:05:56.059000+00:00,1,30,2943,14282,1954
2023-09-03T14:05:56.520000+00:00,1,30,3270,14320,1957
2023-09-03T14:05:56.820000+00:00,1,30,3512,14341,1958
2023-09-03T14:05:57+00:00,1,30,3668,14353,1960
2023-09-03T14:05:57.179000+00:00,1,30,3823,14366,1961
2023-09-03T14:05:57.500000+00:00,1,30,4157,14395,1963
2023-09-03T14:05:57.800000+00:00,1,30,4346,14410,1964
2023-09-03T14:05:58.140000+00:00,1,30,4640,14430,1966
2023-09-03T14:05:58.380000+00:00,1,30,4847,14442,1967
2023-09-03T14:05:58.559000+00:00,1,30,5002,14450,1967
2023-09-03T14:05:58.760000+00:00,1,30,5255,14462,1967
2023-09-03T14:05:59.160000+00:00,1,30,5599,14475,1967
2023-09-03T14:05:59.480000+00:00,1,30,5753,14482,1967
2023-09-03T14:05:59.740000+00:00,1,30,5937,14488,1967
2023-09-03T14:05:59.920000+00:00,1,30,6053,14492,1966
2023-09-03T14:06:00.180000+00:00,1,30,6202,14498,1966
2023-09-03T14:06:00.440000+00:00,1,30,6335,14504,1966
2023-09-03T14:06:00.639000+00:00,1,30,6426,14511,1965
2023-09-03T14:06:00.820000+00:00,1,30,6499,14521,1965
2023-09-03T14:06:00.999000+00:00,1,30,6567,14534,1965
2023-09-03T14:06:01.119000+00:00,1,30,6609,14546,1964
2023-09-03T14:06:01.439000+00:00,1,30,6713,14581,1964
2023-09-03T14:06:01.600000+00:00,1,30,6759,14603,1963
2023-09-03T14:06:01.799000+00:00,1,30,6810,14634,1963
2023-09-03T14:06:01.960000+00:00,1,30,6845,14663,1962
2023-09-03T14:06:02.279000+00:00,1,30,6898,14734,1962
2023-09-03T14:06:02.480000+00:00,1,30,6937,14820,1962
2023-09-03T14:06:02.839000+00:00,1,30,6978,14889,1961
2023-09-03T14:06:03.040000+00:00,1,30,7020,14936,1962
2023-09-03T14:06:03.139000+00:00,1,30,7044,14957,1961
2023-09-03T14:06:03.520000+00:00,1,30,7145,15026,1961
2023-09-03T14:06:03.719000+00:00,1,30,7233,15068,1961
2023-09-03T14:06:03.979000+00:00,1,30,7284,15086,1961
2023-09-03T14:06:04.340000+00:00,1,30,7410,15120,1959
2023-09-03T14:06:04.519000+00:00,1,30,7478,15135,1959
2023-09-03T14:06:04.720000+00:00,1,30,7593,15156,1959
2023-09-03T14:06:05.180000+00:00,1,30,7762,15187,1957
2023-09-03T14:06:05.240000+00:00,1,30,7790,15193,1957
2023-09-03T14:06:05.440000+00:00,1,30,7886,15215,1957
2023-09-03T14:06:05.760000+00:00,1,30,8046,15260,1956
2023-09-03T14:06:06+00:00,1,30,8224,15315,1955
2023-09-03T14:06:06.300000+00:00,1,30,8349,15353,1954
2023-09-03T14:06:06.540000+00:00,1,30,8481,15396,1953
2023-09-03T14:06:06.761000+00:00,1,30,8660,15462,1953
2023-09-03T14:06:07.041000+00:00,1,30,8763,15502,1952
2023-09-03T14:06:07.379000+00:00,1,30,8963,15580,1951
2023-09-03T14:06:07.600000+00:00,1,30,9158,15650,1950
2023-09-03T14:06:08.039000+00:00,1,30,9370,15722,1950
2023-09-03T14:06:08.239000+00:00,1,30,9497,15765,1950
2023-09-03T14:06:08.420000+00:00,1,30,9610,15802,1949
2023-09-03T14:06:08.619000+00:00,1,30,9732,15838,1947
2023-09-03T14:06:08.819000+00:00,1,30,9867,15869,1944
2023-09-03T14:06:09.119000+00:00,1,30,10034,15883,1942
2023-09-03T14:06:09.280000+00:00,1,30,10185,15870,1941
2023-09-03T14:06:09.699000+00:00,1,30,10334,15832,1940
2023-09-03T14:06:09.860000+00:00,1,30,10408,15801,1939
2023-09-03T14:06:10.040000+00:00,1,30,10487,15757,1938
2023-09-03T14:06:10.360000+00:00,1,30,10659,15612,1937
2023-09-03T14:06:11.339000+00:00,1,30,10856,15242,1936
2023-09-03T14:06:11.660000+00:00,1,30,10904,15024,1936
2023-09-03T14:06:11.980000+00:00,1,30,10921,14903,1936
2023-09-03T14:06:12.260000+00:00,1,30,10939,14745,1935
2023-09-03T14:06:12.400000+00:00,1,30,10953,14580,1934
2023-09-03T14:06:12.840000+00:00,1,30,10967,14395,1933
2023-09-03T14:06:13.060000+00:00,1,30,10976,14256,1933
2023-09-03T14:06:13.240000+00:00,1,30,10983,14140,1933
2023-09-03T14:06:13.440000+00:00,1,30,10992,14009,1933
2023-09-03T14:06:13.719000+00:00,1,30,11010,13795,1933
2023-09-03T14:06:14.100000+00:00,1,30,11031,13580,1933
2023-09-03T14:06:14.259000+00:00,1,30,11042,13472,1933
2023-09-03T14:06:14.499000+00:00,1,30,11062,13234,1933
2023-09-03T14:06:14.799000+00:00,1,30,11066,13143,1933
2023-09-03T14:06:15.200000+00:00,1,30,11061,12938,1930
2023-09-03T14:06:15.339000+00:00,1,30,11037,12808,1929
2023-09-03T14:06:15.699000+00:00,1,30,11003,12713,1928
2023-09-03T14:06:15.899000+00:00,1,30,10961,12634,1928
2023-09-03T14:06:16.100000+00:00,1,30,10907,12561,1928
2023-09-03T14:06:16.259000+00:00,1,30,10858,12507,1929
2023-09-03T14:06:16.600000+00:00,1,30,10707,12388,1930
2023-09-03T14:06:16.920000+00:00,1,30,10596,12321,1929
2023-09-03T14:06:17.160000+00:00,1,30,10485,12262,1928
2023-09-03T14:06:17.359000+00:00,1,30,10389,12213,1927
2023-09-03T14:06:17.520000+00:00,1,30,10309,12173,1927
2023-09-03T14:06:17.820000+00:00,1,30,10155,12096,1925
2023-09-03T14:06:18.100000+00:00,1,30,10006,12019,1925
2023-09-03T14:06:18.300000+00:00,1,30,9900,11962,1924
2023-09-03T14:06:18.420000+00:00,1,30,9833,11926,1924
2023-09-03T14:06:18.680000+00:00,1,30,9604,11802,1925
2023-09-03T14:06:19.100000+00:00,1,30,9438,11713,1925
2023-09-03T14:06:19.180000+00:00,1,30,9390,11687,1925
2023-09-03T14:06:19.380000+00:00,1,30,9268,11621,1924
2023-09-03T14:06:19.660000+00:00,1,30,9096,11522,1924
2023-09-03T14:06:19.880000+00:00,1,30,8959,11443,1924
2023-09-03T14:06:20.140000+00:00,1,30,8794,11349,1925
2023-09-03T14:06:20.360000+00:00,1,30,8652,11269,1925
2023-09-03T14:06:20.539000+00:00,1,30,8467,11166,1925
2023-09-03T14:06:20.999000+00:00,1,30,8174,11000,1925
2023-09-03T14:06:21.240000+00:00,1,30,8066,10938,1925
2023-09-03T14:06:21.559000+00:00,1,30,7782,10769,1928
2023-09-03T14:06:21.919000+00:00,1,30,7608,10655,1927
2023-09-03T14:06:22.080000+00:00,1,30,7496,10576,1927
2023-09-03T14:06:22.259000+00:00,1,30,7360,10475,1927
2023-09-03T14:06:22.620000+00:00,1,30,7130,10287,1924
2023-09-03T14:06:23.339000+00:00,1,30,6673,9902,1913
2023-09-03T14:06:23.599000+00:00,1,30,6508,9759,1907
2023-09-03T14:06:23.819000+00:00,1,30,6367,9636,1903
2023-09-03T14:06:24.100000+00:00,1,30,6187,9480,1896
2023-09-03T14:06:24.280000+00:00,1,30,6071,9378,1893
2023-09-03T14:06:24.320000+00:00,1,30,6045,9356,1892
2023-09-03T14:06:24.699000+00:00,1,30,5797,9140,1885
2023-09-03T14:06:24.860000+00:00,1,30,5626,8992,1880
2023-09-03T14:06:25.160000+00:00,1,30,5495,8878,1877
2023-09-03T14:06:25.460000+00:00,1,30,5298,8707,1877
2023-09-03T14:06:25.740000+00:00,1,30,5049,8490,1875
2023-09-03T14:06:26.120000+00:00,1,30,4773,8250,1879
2023-09-03T14:06:26.480000+00:00,1,30,4537,8045,1884
2023-09-03T14:06:26.979000+00:00,1,30,4210,7761,1892
2023-09-03T14:06:27.220000+00:00,1,30,4145,7704,1893
2023-09-03T14:06:27.460000+00:00,1,30,3988,7568,1898
2023-09-03T14:06:27.679000+00:00,1,30,3845,7444,1897
2023-09-03T14:06:28.040000+00:00,1,30,3612,7241,1903
2023-09-03T14:06:28.199000+00:00,1,30,3459,7108,1905
2023-09-03T14:06:28.640000+00:00,1,30,3150,6840,1908
2023-09-03T14:06:28.959000+00:00,1,30,3043,6746,1909
2023-09-03T14:06:29.180000+00:00,1,30,2923,6639,1909
2023-09-03T14:06:29.420000+00:00,1,30,2812,6536,1909
2023-09-03T14:06:29.700000+00:00,1,30,2702,6423,1909
2023-09-03T14:06:29.900000+00:00,1,30,2643,6346,1909
2023-09-03T14:06:30.060000+00:00,1,30,2605,6279,1907
2023-09-03T14:06:30.320000+00:00,1,30,2556,6119,1907
2023-09-03T14:06:30.740000+00:00,1,30,2545,5868,1906
2023-09-03T14:06:31.020000+00:00,1,30,2546,5794,1906
2023-09-03T14:06:31.219000+00:00,1,30,2545,5688,1905
2023-09-03T14:06:31.480000+00:00,1,30,2537,5547,1905
2023-09-03T14:06:31.700000+00:00,1,30,2520,5427,1904
2023-09-03T14:06:31.880000+00:00,1,30,2496,5331,1903
2023-09-03T14:06:32.080000+00:00,1,30,2459,5224,1902
2023-09-03T14:06:32.240000+00:00,1,30,2422,5140,1902
2023-09-03T14:06:32.460000+00:00,1,30,2362,5029,1901
2023-09-03T14:06:32.760000+00:00,1,30,2217,4840,1899
2023-09-03T14:06:33.120000+00:00,1,30,2104,4724,1899
2023-09-03T14:06:33.440000+00:00,1,30,1969,4573,1898
2023-09-03T14:06:33.619000+00:00,1,30,1894,4454,1898
2023-09-03T14:06:33.959000+00:00,1,30,1820,4269,1897
2023-09-03T14:06:34.260000+00:00,1,30,1770,4066,1897
2023-09-03T14:06:34.479000+00:00,1,30,1746,3915,1896
2023-09-03T14:06:34.499000+00:00,1,30,1744,3901,1896
2023-09-03T14:06:34.840000+00:00,1,30,1717,3617,1894
2023-09-03T14:06:35.299000+00:00,1,30,1685,3269,1892
2023-09-03T14:06:35.700000+00:00,1,30,1661,3035,1892
2023-09-03T14:06:35.880000+00:00,1,30,1649,2904,1891
2023-09-03T14:06:36.119000+00:00,1,30,1625,2628,1889
2023-09-03T14:06:36.379000+00:00,1,30,1615,2520,1889
2023-09-03T14:06:36.599000+00:00,1,30,1599,2349,1887
2023-09-03T14:06:36.879000+00:00,1,30,1579,2128,1886
2023-09-03T14:06:37.179000+00:00,1,30,1546,1775,1883
2023-09-03T14:06:37.580000+00:00,1,30,1527,1564,1882
2023-09-03T14:06:37.680000+00:00,1,30,1519,1483,1881
2023-09-03T14:06:37.900000+00:00,1,30,1503,1303,1880
2023-09-03T14:06:38.140000+00:00,1,30,1482,1073,1879
2023-09-03T14:06:38.319000+00:00,1,30,1466,905,1878
2023-09-03T14:06:38.560000+00:00,1,30,1448,705,1876
2023-09-03T14:06:38.700000+00:00,1,30,1437,587,1876
2023-09-03T14:06:38.940000+00:00,1,30,1418,384,1875
2023-09-03T14:06:39.141000+00:00,1,30,1403,215,1874
2023-09-03T14:06:39.460000+00:00,1,30,1378,-57,1872
2023-09-03T14:06:39.660000+00:00,1,30,1362,-228,1871
2023-09-03T14:06:39.740000+00:00,1,30,1356,-296,1871
2023-09-03T14:06:39.900000+00:00,1,30,1343,-434,1870
2023-09-03T14:06:40.199000+00:00,1,30,1310,-798,1868
2023-09-03T14:06:40.639000+00:00,1,30,1286,-1057,1866
2023-09-03T14:06:40.859000+00:00,1,30,1268,-1249,1866
2023-09-03T14:06:41.100000+00:00,1,30,1249,-1459,1865
2023-09-03T14:06:41.340000+00:00,1,30,1225,-1723,1864
2023-09-03T14:06:41.700000+00:00,1,30,1192,-2075,1862
2023-09-03T14:06:42.019000+00:00,1,30,1175,-2268,1860
2023-09-03T14:06:42.299000+00:00,1,30,1152,-2513,1859
2023-09-03T14:06:42.559000+00:00,1,30,1131,-2741,1858
2023-09-03T14:06:42.800000+00:00,1,30,1107,-3004,1856
2023-09-03T14:06:43.139000+00:00,1,30,1084,-3249,1855
2023-09-03T14:06:43.340000+00:00,1,30,1059,-3530,1853
2023-09-03T14:06:43.660000+00:00,1,30,1042,-3704,1852
2023-09-03T14:06:44.060000+00:00,1,30,996,-4172,1850
2023-09-03T14:06:44.380000+00:00,1,30,979,-4325,1849
2023-09-03T14:06:44.520000+00:00,1,30,966,-4443,1849
2023-09-03T14:06:44.720000+00:00,1,30,945,-4605,1848
2023-09-03T14:06:45.060000+00:00,1,30,886,-4940,1847
2023-09-03T14:06:45.420000+00:00,1,30,843,-5105,1846
2023-09-03T14:06:45.620000+00:00,1,30,805,-5221,1844
2023-09-03T14:06:45.900000+00:00,1,30,701,-5438,1843
2023-09-03T14:06:46.180000+00:00,1,30,657,-5501,1843
2023-09-03T14:06:46.400000+00:00,1,30,575,-5591,1842
2023-09-03T14:06:46.559000+00:00,1,30,508,-5647,1843
2023-09-03T14:06:46.919000+00:00,1,30,341,-5742,1843
2023-09-03T14:06:47.119000+00:00,1,30,241,-5775,1843
2023-09-03T14:06:47.299000+00:00,1,30,147,-5794,1843
2023-09-03T14:06:47.559000+00:00,1,30,8,-5801,1843
2023-09-03T14:06:48.339000+00:00,1,30,-409,-5701,1844
2023-09-03T14:06:48.559000+00:00,1,30,-557,-5622,1844
2023-09-03T14:06:48.839000+00:00,1,30,-763,-5469,1846
2023-09-03T14:06:49.280000+00:00,1,30,-930,-5296,1846
2023-09-03T14:06:49.560000+00:00,1,30,-1010,-5194,1846
2023-09-03T14:06:49.880000+00:00,1,30,-1152,-4968,1848
2023-09-03T14:06:50.180000+00:00,1,30,-1219,-4833,1848
2023-09-03T14:06:50.400000+00:00,1,30,-1279,-4692,1849
2023-09-03T14:06:50.700000+00:00,1,30,-1349,-4492,1850
2023-09-03T14:06:50.860000+00:00,1,30,-1401,-4297,1851
2023-09-03T14:06:51.240000+00:00,1,30,-1439,-4111,1853
2023-09-03T14:06:51.460000+00:00,1,30,-1463,-3951,1854
2023-09-03T14:06:51.620000+00:00,1,30,-1475,-3836,1855
2023-09-03T14:06:51.860000+00:00,1,30,-1488,-3654,1855
2023-09-03T14:06:52.100000+00:00,1,30,-1495,-3471,1856
2023-09-03T14:06:52.360000+00:00,1,30,-1499,-3269,1857
2023-09-03T14:06:52.520000+00:00,1,30,-1499,-3144,1858
2023-09-03T14:06:52.740000+00:00,1,30,-1498,-2971,1859
2023-09-03T14:06:52.980000+00:00,1,30,-1495,-2780,1860
2023-09-03T14:06:53.159000+00:00,1,30,-1492,-2635,1861
2023-09-03T14:06:53.320000+00:00,1,30,-1489,-2508,1862
2023-09-03T14:06:53.639000+00:00,1,30,-1474,-2133,1864
2023-09-03T14:06:53.939000+00:00,1,30,-1467,-2002,1865
2023-09-03T14:06:54.140000+00:00,1,30,-1458,-1836,1866
2023-09-03T14:06:54.460000+00:00,1,30,-1438,-1520,1868
2023-09-03T14:06:54.779000+00:00,1,30,-1423,-1303,1869
2023-09-03T14:06:55.059000+00:00,1,30,-1405,-1071,1870
2023-09-03T14:06:55.240000+00:00,1,30,-1396,-955,1870
2023-09-03T14:06:55.399000+00:00,1,30,-1385,-818,1871
2023-09-03T14:04:36.720000+00:00,44,29,-1342,-314,1873
2023-09-03T14:04:36.919000+00:00,44,29,-1326,-137,1874
2023-09-03T14:04:37.139000+00:00,44,29,-1309,57,1875
2023-09-03T14:04:37.479000+00:00,44,29,-1272,486,1877
2023-09-03T14:04:37.840000+00:00,44,29,-1255,685,1878
2023-09-03T14:04:38.060000+00:00,44,29,-1230,975,1880
2023-09-03T14:04:38.400000+00:00,44,29,-1211,1194,1881
2023-09-03T14:04:38.660000+00:00,44,29,-1190,1433,1882
2023-09-03T14:04:38.900000+00:00,44,29,-1171,1654,1883
2023-09-03T14:04:39+00:00,44,29,-1163,1746,1884
2023-09-03T14:04:39.359000+00:00,44,29,-1134,2081,1886
2023-09-03T14:04:39.560000+00:00,44,29,-1107,2398,1887
2023-09-03T14:04:40.300000+00:00,44,29,-1059,2960,1890
2023-09-03T14:04:40.620000+00:00,44,29,-1033,3260,1892
2023-09-03T14:04:40.800000+00:00,44,29,-1018,3429,1892
2023-09-03T14:04:40.980000+00:00,44,29,-1004,3598,1893
2023-09-03T14:04:41.260000+00:00,44,29,-981,3864,1895
2023-09-03T14:04:41.440000+00:00,44,29,-958,4130,1896
2023-09-03T14:04:41.840000+00:00,44,29,-933,4416,1897
2023-09-03T14:04:42.019000+00:00,44,29,-918,4589,1898
2023-09-03T14:04:42.219000+00:00,44,29,-902,4781,1899
2023-09-03T14:04:42.460000+00:00,44,29,-873,5108,1901
2023-09-03T14:04:42.859000+00:00,44,29,-849,5396,1902
2023-09-03T14:04:43.059000+00:00,44,29,-832,5588,1903
2023-09-03T14:04:43.320000+00:00,44,29,-811,5838,1905
2023-09-03T14:04:43.580000+00:00,44,29,-783,6164,1906
2023-09-03T14:04:43.999000+00:00,44,29,-754,6508,1909
2023-09-03T14:04:44.040000+00:00,44,29,-751,6546,1909
2023-09-03T14:04:44.259000+00:00,44,29,-733,6752,1910
2023-09-03T14:04:44.600000+00:00,44,29,-708,7050,1911
2023-09-03T14:04:44.779000+00:00,44,29,-688,7296,1913
2023-09-03T14:04:45.120000+00:00,44,29,-677,7432,1913
2023-09-03T14:04:45.380000+00:00,44,29,-663,7594,1914
2023-09-03T14:04:45.560000+00:00,44,29,-655,7696,1915
2023-09-03T14:04:45.720000+00:00,44,29,-647,7778,1915
2023-09-03T14:04:45.899000+00:00,44,29,-639,7861,1916
2023-09-03T14:04:46.159000+00:00,44,29,-625,7966,1917
2023-09-03T14:04:46.380000+00:00,44,29,-609,8042,1917
2023-09-03T14:04:46.620000+00:00,44,29,-577,8135,1918
2023-09-03T14:04:46.880000+00:00,44,29,-554,8179,1918
2023-09-03T14:04:47.180000+00:00,44,29,-508,8239,1919
2023-09-03T14:04:47.420000+00:00,44,29,-466,8273,1919
2023-09-03T14:04:47.600000+00:00,44,29,-430,8291,1920
2023-09-03T14:04:47.820000+00:00,44,29,-384,8305,1920
2023-09-03T14:04:48.101000+00:00,44,29,-328,8315,1920
2023-09-03T14:04:48.141000+00:00,44,29,-320,8317,1920
2023-09-03T14:04:48.420000+00:00,44,29,-270,8330,1920
2023-09-03T14:04:48.700000+00:00,44,29,-225,8352,1920
2023-09-03T14:04:48.940000+00:00,44,29,-179,8400,1921
2023-09-03T14:04:49.179000+00:00,44,29,-169,8420,1921
2023-09-03T14:04:49.480000+00:00,44,29,-153,8471,1922
2023-09-03T14:04:49.679000+00:00,44,29,-144,8526,1922
2023-09-03T14:04:50.060000+00:00,44,29,-142,8571,1923
2023-09-03T14:04:50.320000+00:00,44,29,-143,8618,1923
2023-09-03T14:04:50.479000+00:00,44,29,-146,8649,1923
2023-09-03T14:04:50.660000+00:00,44,29,-151,8684,1923
2023-09-03T14:04:50.820000+00:00,44,29,-157,8718,1924
2023-09-03T14:04:51.019000+00:00,44,29,-167,8763,1924
2023-09-03T14:04:51.339000+00:00,44,29,-187,8842,1924
2023-09-03T14:04:51.579000+00:00,44,29,-216,8950,1925
2023-09-03T14:04:51.879000+00:00,44,29,-229,9000,1925
2023-09-03T14:04:52.200000+00:00,44,29,-257,9108,1926
2023-09-03T14:04:52.280000+00:00,44,29,-265,9137,1926
2023-09-03T14:04:52.620000+00:00,44,29,-298,9270,1926
2023-09-03T14:04:52.860000+00:00,44,29,-328,9398,1927
2023-09-03T14:04:53.100000+00:00,44,29,-342,9460,1928
2023-09-03T14:04:53.460000+00:00,44,29,-385,9692,1929
2023-09-03T14:04:53.780000+00:00,44,29,-402,9811,1930
2023-09-03T14:04:54.101000+00:00,44,29,-417,9992,1931
2023-09-03T14:04:54.180000+00:00,44,29,-420,10038,1931
2023-09-03T14:04:54.520000+00:00,44,29,-426,10244,1932
2023-09-03T14:04:54.700000+00:00,44,29,-427,10357,1933
2023-09-03T14:04:54.879000+00:00,44,29,-426,10472,1933
2023-09-03T14:04:55.039000+00:00,44,29,-424,10576,1934
2023-09-03T14:04:55.279000+00:00,44,29,-418,10736,1934
2023-09-03T14:04:55.480000+00:00,44,29,-410,10871,1935
2023-09-03T14:04:55.659000+00:00,44,29,-400,10995,1935
2023-09-03T14:04:55.859000+00:00,44,29,-387,11135,1936
2023-09-03T14:04:56.040000+00:00,44,29,-372,11262,1936
2023-09-03T14:04:56.399000+00:00,44,29,-330,11535,1936
2023-09-03T14:04:56.600000+00:00,44,29,-294,11708,1936
2023-09-03T14:04:56.920000+00:00,44,29,-240,11912,1937
2023-09-03T14:04:57.200000+00:00,44,29,-172,12115,1936
2023-09-03T14:04:57.299000+00:00,44,29,-145,12187,1936
2023-09-03T14:04:57.619000+00:00,44,29,-44,12415,1937
2023-09-03T14:04:57.799000+00:00,44,29,20,12541,1936
2023-09-03T14:04:58+00:00,44,29,99,12678,1936
2023-09-03T14:04:58.240000+00:00,44,29,203,12839,1937
2023-09-03T14:04:58.360000+00:00,44,29,259,12917,1936
2023-09-03T14:04:59.460000+00:00,44,29,909,13552,1939
2023-09-03T14:04:59.700000+00:00,44,29,1103,13684,1940
2023-09-03T14:05:00.120000+00:00,44,29,1396,13850,1941
2023-09-03T14:05:00.460000+00:00,44,29,1722,13998,1944
2023-09-03T14:05:00.921000+00:00,44,29,2078,14118,1947
2023-09-03T14:05:01.300000+00:00,44,29,2328,14179,1949
2023-09-03T14:05:01.460000+00:00,44,29,2463,14206,1950
2023-09-03T14:05:01.779000+00:00,44,29,2734,14252,1953
2023-09-03T14:05:02+00:00,44,29,2940,14282,1954
2023-09-03T14:05:02.320000+00:00,44,29,3199,14313,1957
2023-09-03T14:05:02.459000+00:00,44,29,3321,14325,1957
2023-09-03T14:05:02.719000+00:00,44,29,3548,14344,1959
2023-09-03T14:05:02.919000+00:00,44,29,3723,14358,1960
2023-09-03T14:05:03.199000+00:00,44,29,4075,14388,1963
2023-09-03T14:05:03.499000+00:00,44,29,4243,14402,1964
2023-09-03T14:05:03.859000+00:00,44,29,4569,14425,1966
2023-09-03T14:05:04.040000+00:00,44,29,4730,14435,1967
2023-09-03T14:05:04.280000+00:00,44,29,4944,14447,1967
2023-09-03T14:05:04.440000+00:00,44,29,5088,14454,1967
2023-09-03T14:05:04.619000+00:00,44,29,5337,14466,1967
2023-09-03T14:05:05.020000+00:00,44,29,5588,14475,1967
2023-09-03T14:05:05.300000+00:00,44,29,5796,14484,1967
2023-09-03T14:05:05.400000+00:00,44,29,5864,14486,1967
2023-09-03T14:05:05.660000+00:00,44,29,6027,14492,1966
2023-09-03T14:05:05.920000+00:00,44,29,6177,14497,1966
2023-09-03T14:05:06.120000+00:00,44,29,6280,14501,1966
2023-09-03T14:05:06.319000+00:00,44,29,6373,14506,1966
2023-09-03T14:05:06.380000+00:00,44,29,6399,14508,1965
2023-09-03T14:05:06.700000+00:00,44,29,6523,14525,1965
2023-09-03T14:05:06.860000+00:00,44,29,6580,14538,1965
2023-09-03T14:05:07.180000+00:00,44,29,6684,14570,1964
2023-09-03T14:05:07.400000+00:00,44,29,6747,14597,1963
2023-09-03T14:05:07.441000+00:00,44,29,6757,14602,1963
2023-09-03T14:05:07.780000+00:00,44,29,6853,14671,1962
2023-09-03T14:05:08.179000+00:00,44,29,6902,14743,1962
2023-09-03T14:05:08.379000+00:00,44,29,6926,14799,1962
2023-09-03T14:05:08.599000+00:00,44,29,6982,14893,1961
2023-09-03T14:05:08.879000+00:00,44,29,7010,14926,1961
2023-09-03T14:05:09.100000+00:00,44,29,7062,14972,1961
2023-09-03T14:05:09.360000+00:00,44,29,7132,15019,1961
2023-09-03T14:05:09.499000+00:00,44,29,7172,15040,1961
2023-09-03T14:05:09.880000+00:00,44,29,7292,15089,1960
2023-09-03T14:05:10.099000+00:00,44,29,7391,15116,1960
2023-09-03T14:05:10.520000+00:00,44,29,7531,15145,1959
2023-09-03T14:05:10.639000+00:00,44,29,7581,15154,1959
2023-09-03T14:05:10.919000+00:00,44,29,7769,15188,1957
2023-09-03T14:05:11.179000+00:00,44,29,7826,15200,1957
2023-09-03T14:05:11.439000+00:00,44,29,7953,15233,1956
2023-09-03T14:05:11.719000+00:00,44,29,8171,15299,1955
2023-09-03T14:05:11.980000+00:00,44,29,8236,15319,1955
2023-09-03T14:05:12.240000+00:00,44,29,8381,15363,1954
2023-09-03T14:05:12.420000+00:00,44,29,8484,15397,1953
2023-09-03T14:05:12.740000+00:00,44,29,8671,15466,1953
2023-09-03T14:05:12.900000+00:00,44,29,8766,15503,1952
2023-09-03T14:05:13.120000+00:00,44,29,8900,15556,1951
2023-09-03T14:05:13.360000+00:00,44,29,9050,15612,1950
2023-09-03T14:05:13.580000+00:00,44,29,9190,15661,1950
2023-09-03T14:05:13.720000+00:00,44,29,9280,15692,1950
2023-09-03T14:05:13.940000+00:00,44,29,9422,15740,1950
2023-09-03T14:05:14.120000+00:00,44,29,9537,15778,1950
2023-09-03T14:05:14.400000+00:00,44,29,9707,15831,1948
2023-09-03T14:05:14.540000+00:00,44,29,9882,15872,1944
2023-09-03T14:05:14.879000+00:00,44,29,9992,15882,1943
2023-09-03T14:05:15.139000+00:00,44,29,10130,15877,1942
2023-09-03T14:05:15.360000+00:00,44,29,10243,15859,1940
2023-09-03T14:05:15.499000+00:00,44,29,10311,15840,1939
2023-09-03T14:05:15.759000+00:00,44,29,10431,15789,1938
2023-09-03T14:05:15.940000+00:00,44,29,10507,15743,1938
2023-09-03T14:05:16.180000+00:00,44,29,10598,15672,1937
2023-09-03T14:05:16.440000+00:00,44,29,10683,15583,1937
2023-09-03T14:05:16.539000+00:00,44,29,10712,15545,1936
2023-09-03T14:05:16.780000+00:00,44,29,10773,15446,1936
2023-09-03T14:05:17.080000+00:00,44,29,10856,15241,1936
2023-09-03T14:05:17.380000+00:00,44,29,10878,15161,1936
2023-09-03T14:05:17.699000+00:00,44,29,10909,14991,1937
2023-09-03T14:05:17.959000+00:00,44,29,10933,14798,1935
2023-09-03T14:05:18.279000+00:00,44,29,10953,14586,1934
2023-09-03T14:05:18.780000+00:00,44,29,10970,14353,1933
2023-09-03T14:05:18.960000+00:00,44,29,10977,14240,1933
2023-09-03T14:05:19.119000+00:00,44,29,10987,14076,1933
2023-09-03T14:05:19.560000+00:00,44,29,11004,13864,1933
2023-09-03T14:05:19.760000+00:00,44,29,11016,13738,1933
2023-09-03T14:05:19.980000+00:00,44,29,11030,13593,1932
2023-09-03T14:05:20.180000+00:00,44,29,11043,13464,1933
2023-09-03T14:05:20.440000+00:00,44,29,11057,13304,1932
2023-09-03T14:05:20.660000+00:00,44,29,11065,13179,1933
2023-09-03T14:05:20.781000+00:00,44,29,11067,13062,1932
2023-09-03T14:05:21.179000+00:00,44,29,11047,12850,1929
2023-09-03T14:05:21.679000+00:00,44,29,10995,12696,1928
2023-09-03T14:05:21.880000+00:00,44,29,10925,12583,1928
2023-09-03T14:05:22.279000+00:00,44,29,10834,12484,1930
2023-09-03T14:05:22.480000+00:00,44,29,10762,12426,1930
2023-09-03T14:05:22.639000+00:00,44,29,10699,12383,1930
2023-09-03T14:05:22.940000+00:00,44,29,10571,12308,1929
2023-09-03T14:05:23.119000+00:00,44,29,10451,12245,1928
2023-09-03T14:05:23.439000+00:00,44,29,10336,12187,1927
2023-09-03T14:05:23.659000+00:00,44,29,10225,12132,1926
2023-09-03T14:05:23.840000+00:00,44,29,10133,12085,1925
2023-09-03T14:05:24.100000+00:00,44,29,9995,12013,1924
2023-09-03T14:05:24.279000+00:00,44,29,9897,11960,1924
2023-09-03T14:05:24.539000+00:00,44,29,9753,11882,1925
2023-09-03T14:05:24.660000+00:00,44,29,9685,11845,1925
2023-09-03T14:05:24.840000+00:00,44,29,9580,11789,1925
2023-09-03T14:05:25.099000+00:00,44,29,9424,11706,1925
2023-09-03T14:05:25.359000+00:00,44,29,9268,11621,1924
2023-09-03T14:05:25.600000+00:00,44,29,9122,11538,1924
2023-09-03T14:05:25.740000+00:00,44,29,9036,11488,1924
2023-09-03T14:05:26.040000+00:00,44,29,8772,11337,1925
2023-09-03T14:05:26.260000+00:00,44,29,8707,11301,1925
2023-09-03T14:05:26.540000+00:00,44,29,8525,11199,1925
2023-09-03T14:05:26.780000+00:00,44,29,8366,11110,1925
2023-09-03T14:05:27.060000+00:00,44,29,8099,10957,1925
2023-09-03T14:05:27.280000+00:00,44,29,8031,10918,1925
2023-09-03T14:05:27.639000+00:00,44,29,7789,10773,1928
2023-09-03T14:05:27.739000+00:00,44,29,7629,10669,1927
2023-09-03T14:05:28.239000+00:00,44,29,7384,10493,1927
2023-09-03T14:05:28.460000+00:00,44,29,7244,10381,1926
2023-09-03T14:05:28.639000+00:00,44,29,7129,10286,1924
2023-09-03T14:05:28.740000+00:00,44,29,7065,10234,1923
2023-09-03T14:05:28.919000+00:00,44,29,6950,10141,1920
2023-09-03T14:05:29.139000+00:00,44,29,6811,10023,1916
2023-09-03T14:05:29.459000+00:00,44,29,6608,9845,1910
2023-09-03T14:05:29.699000+00:00,44,29,6455,9712,1905
2023-09-03T14:05:29.820000+00:00,44,29,6378,9645,1903
2023-09-03T14:05:30.120000+00:00,44,29,6094,9398,1893
2023-09-03T14:05:30.360000+00:00,44,29,6029,9342,1891
2023-09-03T14:05:30.560000+00:00,44,29,5898,9229,1888
2023-09-03T14:05:30.840000+00:00,44,29,5624,8990,1880
2023-09-03T14:05:31.260000+00:00,44,29,5440,8830,1876
2023-09-03T14:05:31.440000+00:00,44,29,5322,8728,1877
2023-09-03T14:05:31.639000+00:00,44,29,5191,8613,1876
2023-09-03T14:05:31.840000+00:00,44,29,5060,8499,1875
2023-09-03T14:05:32.100000+00:00,44,29,4889,8351,1878
2023-09-03T14:05:32.340000+00:00,44,29,4693,8181,1881
2023-09-03T14:05:32.760000+00:00,44,29,4459,7977,1886
2023-09-03T14:05:32.800000+00:00,44,29,4436,7957,1886
2023-09-03T14:05:33.180000+00:00,44,29,4081,7648,1895
2023-09-03T14:05:33.440000+00:00,44,29,4003,7581,1897
2023-09-03T14:05:33.720000+00:00,44,29,3823,7424,1897
2023-09-03T14:05:33.860000+00:00,44,29,3734,7347,1901
2023-09-03T14:05:34.141000+00:00,44,29,3559,7195,1904
2023-09-03T14:05:34.400000+00:00,44,29,3399,7056,1906
2023-09-03T14:05:34.579000+00:00,44,29,3255,6931,1907
2023-09-03T14:05:34.980000+00:00,44,29,3010,6717,1909
2023-09-03T14:05:35.379000+00:00,44,29,2831,6554,1909
2023-09-03T14:05:35.639000+00:00,44,29,2784,6509,1909
2023-09-03T14:05:35.959000+00:00,44,29,2637,6337,1909
2023-09-03T14:05:36.360000+00:00,44,29,2584,6230,1907
2023-09-03T14:05:36.519000+00:00,44,29,2563,6157,1907
2023-09-03T14:05:36.799000+00:00,44,29,2546,6019,1907
2023-09-03T14:05:37.059000+00:00,44,29,2545,5889,1906
2023-09-03T14:05:37.259000+00:00,44,29,2546,5788,1906
2023-09-03T14:05:37.460000+00:00,44,29,2543,5623,1905
2023-09-03T14:05:37.780000+00:00,44,29,2534,5516,1905
2023-09-03T14:05:38.080000+00:00,44,29,2483,5291,1902
2023-09-03T14:05:38.460000+00:00,44,29,2413,5121,1901
2023-09-03T14:05:38.780000+00:00,44,29,2337,4990,1900
2023-09-03T14:05:39.040000+00:00,44,29,2240,4866,1900
2023-09-03T14:05:39.240000+00:00,44,29,2092,4712,1899
2023-09-03T14:05:39.720000+00:00,44,29,1905,4474,1898
2023-09-03T14:05:40.040000+00:00,44,29,1855,4369,1898
2023-09-03T14:05:40.200000+00:00,44,29,1820,4267,1897
2023-09-03T14:05:40.480000+00:00,44,29,1773,4080,1897
2023-09-03T14:05:40.700000+00:00,44,29,1748,3930,1896
2023-09-03T14:05:40.799000+00:00,44,29,1740,3861,1896
2023-09-03T14:05:40.999000+00:00,44,29,1726,3719,1895
2023-09-03T14:05:41.279000+00:00,44,29,1699,3416,1893
2023-09-03T14:05:41.599000+00:00,44,29,1686,3285,1892
2023-09-03T14:05:41.879000+00:00,44,29,1665,3077,1892
2023-09-03T14:05:42.119000+00:00,44,29,1648,2890,1891
2023-09-03T14:05:42.280000+00:00,44,29,1637,2768,1890
2023-09-03T14:05:42.600000+00:00,44,29,1612,2490,1888
2023-09-03T14:05:42.900000+00:00,44,29,1593,2287,1887
2023-09-03T14:05:43.100000+00:00,44,29,1579,2128,1886
2023-09-03T14:05:43.259000+00:00,44,29,1567,2001,1885
2023-09-03T14:05:43.559000+00:00,44,29,1545,1759,1884
2023-09-03T14:05:43.839000+00:00,44,29,1524,1530,1882
2023-09-03T14:05:44+00:00,44,29,1512,1399,1881
2023-09-03T14:05:44.240000+00:00,44,29,1490,1167,1879
2023-09-03T14:05:44.560000+00:00,44,29,1469,934,1878
2023-09-03T14:05:44.760000+00:00,44,29,1454,766,1877
2023-09-03T14:05:45.020000+00:00,44,29,1427,480,1875
2023-09-03T14:05:45.300000+00:00,44,29,1412,309,1875
2023-09-03T14:05:45.580000+00:00,44,29,1390,70,1873
2023-09-03T14:05:45.860000+00:00,44,29,1368,-169,1872
2023-09-03T14:05:45.940000+00:00,44,29,1361,-238,1871
2023-09-03T14:05:46.300000+00:00,44,29,1323,-654,1869
2023-09-03T14:05:46.700000+00:00,44,29,1293,-984,1868
2023-09-03T14:05:47.100000+00:00,44,29,1274,-1190,1866
2023-09-03T14:05:47.280000+00:00,44,29,1253,-1419,1866
2023-09-03T14:05:47.579000+00:00,44,29,1235,-1613,1864
2023-09-03T14:05:47.819000+00:00,44,29,1215,-1825,1863
2023-09-03T14:05:47.959000+00:00,44,29,1204,-1950,1862
2023-09-03T14:05:48.339000+00:00,44,29,1165,-2377,1860
2023-09-03T14:05:48.580000+00:00,44,29,1153,-2502,1859
2023-09-03T14:05:48.900000+00:00,44,29,1117,-2894,1856
2023-09-03T14:05:48.999000+00:00,44,29,1109,-2983,1856
2023-09-03T14:05:49.199000+00:00,44,29,1093,-3162,1855
2023-09-03T14:05:49.460000+00:00,44,29,1071,-3393,1853
2023-09-03T14:05:49.740000+00:00,44,29,1038,-3748,1852
2023-09-03T14:05:50.160000+00:00,44,29,1012,-4009,1851
2023-09-03T14:05:50.339000+00:00,44,29,990,-4232,1849
2023-09-03T14:05:50.679000+00:00,44,29,965,-4448,1848
2023-09-03T14:05:50.880000+00:00,44,29,944,-4607,1849
2023-09-03T14:05:51.020000+00:00,44,29,928,-4712,1848
2023-09-03T14:05:51.300000+00:00,44,29,877,-4978,1847
2023-09-03T14:05:51.800000+00:00,44,29,808,-5213,1844
2023-09-03T14:05:52.220000+00:00,44,29,721,-5406,1843
2023-09-03T14:05:52.380000+00:00,44,29,674,-5478,1844
2023-09-03T14:05:52.560000+00:00,44,29,614,-5551,1843
2023-09-03T14:05:52.760000+00:00,44,29,479,-5667,1843
2023-09-03T14:05:53.220000+00:00,44,29,296,-5758,1843
2023-09-03T14:05:53.480000+00:00,44,29,207,-5783,1843
2023-09-03T14:05:53.820000+00:00,44,29,32,-5801,1843
2023-09-03T14:05:54.059000+00:00,44,29,-94,-5793,1843
2023-09-03T14:05:54.280000+00:00,44,29,-242,-5761,1844
2023-09-03T14:05:54.619000+00:00,44,29,-440,-5686,1844
2023-09-03T14:05:54.959000+00:00,44,29,-595,-5598,1844
2023-09-03T14:05:55.259000+00:00,44,29,-737,-5491,1845
2023-09-03T14:05:55.459000+00:00,44,29,-852,-5382,1846
2023-09-03T14:05:55.819000+00:00,44,29,-976,-5240,1846
2023-09-03T14:05:56.059000+00:00,44,29,-1100,-5058,1847
2023-09-03T14:05:56.520000+00:00,44,29,-1219,-4834,1848
2023-09-03T14:05:56.820000+00:00,44,29,-1293,-4657,1849
2023-09-03T14:05:57+00:00,44,29,-1334,-4538,1850
2023-09-03T14:05:57.179000+00:00,44,29,-1370,-4417,1851
2023-09-03T14:05:57.500000+00:00,44,29,-1434,-4137,1853
2023-09-03T14:05:57.800000+00:00,44,29,-1459,-3978,1854
2023-09-03T14:05:58.140000+00:00,44,29,-1484,-3732,1855
2023-09-03T14:05:58.380000+00:00,44,29,-1493,-3551,1856
2023-09-03T14:05:58.559000+00:00,44,29,-1497,-3413,1856
2023-09-03T14:05:58.760000+00:00,44,29,-1499,-3181,1858
2023-09-03T14:05:59.160000+00:00,44,29,-1497,-2851,1860
2023-09-03T14:05:59.480000+00:00,44,29,-1494,-2691,1861
2023-09-03T14:05:59.740000+00:00,44,29,-1488,-2484,1862
2023-09-03T14:05:59.920000+00:00,44,29,-1483,-2338,1863
2023-09-03T14:06:00.180000+00:00,44,29,-1474,-2126,1864
2023-09-03T14:06:00.440000+00:00,44,29,-1462,-1912,1866
2023-09-03T14:06:00.639000+00:00,44,29,-1453,-1746,1867
2023-09-03T14:06:00.820000+00:00,44,29,-1443,-1596,1868
2023-09-03T14:06:00.999000+00:00,44,29,-1433,-1445,1868
2023-09-03T14:06:01.119000+00:00,44,29,-1426,-1344,1869
2023-09-03T14:06:01.439000+00:00,44,29,-1407,-1095,1870
2023-09-03T14:06:01.600000+00:00,44,29,-1398,-976,1870
2023-09-03T14:06:01.799000+00:00,44,29,-1385,-818,1871
2023-09-03T14:31:58.440000+00:00,44,48,-1353,-436,1873
2023-09-03T14:31:58.600000+00:00,44,48,-1341,-297,1873
2023-09-03T14:31:58.820000+00:00,44,48,-1324,-106,1874
2023-09-03T14:31:59.080000+00:00,44,48,-1293,244,1876
2023-09-03T14:31:59.520000+00:00,44,48,-1270,509,1877
2023-09-03T14:31:59.701000+00:00,44,48,-1256,668,1878
2023-09-03T14:31:59.900000+00:00,44,48,-1241,845,1879
2023-09-03T14:32:00.001000+00:00,44,48,-1233,934,1880
2023-09-03T14:32:00.200000+00:00,44,48,-1218,1111,1880
2023-09-03T14:32:00.460000+00:00,44,48,-1198,1343,1882
2023-09-03T14:32:00.719000+00:00,44,48,-1170,1665,1883
2023-09-03T14:32:01.100000+00:00,44,48,-1148,1916,1885
2023-09-03T14:32:01.340000+00:00,44,48,-1130,2132,1886
2023-09-03T14:32:01.499000+00:00,44,48,-1117,2276,1887
2023-09-03T14:32:01.660000+00:00,44,48,-1105,2421,1887
2023-09-03T14:32:02.039000+00:00,44,48,-1064,2901,1890
2023-09-03T14:32:02.339000+00:00,44,48,-1046,3100,1891
2023-09-03T14:32:02.679000+00:00,44,48,-1020,3407,1892
2023-09-03T14:32:02.840000+00:00,44,48,-1007,3552,1893
2023-09-03T14:32:03.040000+00:00,44,48,-992,3733,1894
2023-09-03T14:32:03.199000+00:00,44,48,-970,3987,1895
2023-09-03T14:32:03.700000+00:00,44,48,-940,4331,1897
2023-09-03T14:32:03.860000+00:00,44,48,-928,4476,1898
2023-09-03T14:32:03.940000+00:00,44,48,-922,4549,1898
2023-09-03T14:32:04.320000+00:00,44,48,-892,4894,1900
2023-09-03T14:32:04.480000+00:00,44,48,-870,5148,1901
2023-09-03T14:32:04.960000+00:00,44,48,-842,5474,1903
2023-09-03T14:32:05.020000+00:00,44,48,-837,5528,1903
2023-09-03T14:32:05.260000+00:00,44,48,-819,5743,1904
2023-09-03T14:32:05.480000+00:00,44,48,-802,5939,1906
2023-09-03T14:32:05.780000+00:00,44,48,-773,6276,1907
2023-09-03T14:32:06.180000+00:00,44,48,-750,6559,1909
2023-09-03T14:32:06.420000+00:00,44,48,-732,6764,1910
2023-09-03T14:32:06.620000+00:00,44,48,-718,6931,1911
2023-09-03T14:32:06.821000+00:00,44,48,-705,7091,1912
2023-09-03T14:32:06.980000+00:00,44,48,-695,7211,1912
2023-09-03T14:32:07.220000+00:00,44,48,-676,7437,1913
2023-09-03T14:32:07.640000+00:00,44,48,-653,7714,1915
2023-09-03T14:32:07.960000+00:00,44,48,-645,7799,1915
2023-09-03T14:32:08.140000+00:00,44,48,-636,7881,1916
2023-09-03T14:32:08.399000+00:00,44,48,-622,7981,1917
2023-09-03T14:32:08.680000+00:00,44,48,-601,8071,1918
2023-09-03T14:32:08.839000+00:00,44,48,-585,8115,1918
2023-09-03T14:32:09.020000+00:00,44,48,-564,8161,1918
2023-09-03T14:32:09.179000+00:00,44,48,-542,8197,1918
2023-09-03T14:32:09.459000+00:00,44,48,-497,8249,1919
2023-09-03T14:32:09.660000+00:00,44,48,-461,8276,1919
2023-09-03T14:32:09.920000+00:00,44,48,-408,8299,1920
2023-09-03T14:32:10.060000+00:00,44,48,-349,8312,1920
2023-09-03T14:32:10.480000+00:00,44,48,-292,8323,1920
2023-09-03T14:32:10.700000+00:00,44,48,-225,8351,1920
2023-09-03T14:32:11.180000+00:00,44,48,-173,8412,1921
2023-09-03T14:32:11.560000+00:00,44,48,-154,8464,1922
2023-09-03T14:32:11.820000+00:00,44,48,-146,8511,1922
2023-09-03T14:32:11.980000+00:00,44,48,-143,8539,1922
2023-09-03T14:32:12.221000+00:00,44,48,-142,8593,1923
2023-09-03T14:32:12.480000+00:00,44,48,-144,8631,1923
2023-09-03T14:32:12.680000+00:00,44,48,-149,8671,1923
2023-09-03T14:32:13.061000+00:00,44,48,-164,8752,1924
2023-09-03T14:32:13.120000+00:00,44,48,-167,8766,1924
2023-09-03T14:32:13.341000+00:00,44,48,-181,8819,1925
2023-09-03T14:32:13.680000+00:00,44,48,-205,8910,1925
2023-09-03T14:32:13.840000+00:00,44,48,-217,8957,1925
2023-09-03T14:32:14.039000+00:00,44,48,-234,9020,1925
2023-09-03T14:32:14.299000+00:00,44,48,-257,9109,1926
2023-09-03T14:32:14.480000+00:00,44,48,-274,9175,1926
2023-09-03T14:32:14.760000+00:00,44,48,-309,9318,1927
2023-09-03T14:32:15.119000+00:00,44,48,-336,9434,1928
2023-09-03T14:32:15.280000+00:00,44,48,-352,9508,1928
2023-09-03T14:32:15.560000+00:00,44,48,-378,9647,1928
2023-09-03T14:32:15.760000+00:00,44,48,-394,9750,1929
2023-09-03T14:32:16.019000+00:00,44,48,-410,9893,1930
2023-09-03T14:32:16.080000+00:00,44,48,-413,9927,1930
2023-09-03T14:32:16.360000+00:00,44,48,-422,10090,1931
2023-09-03T14:32:16.600000+00:00,44,48,-426,10235,1932
2023-09-03T14:32:16.780000+00:00,44,48,-427,10346,1933
2023-09-03T14:32:17.060000+00:00,44,48,-425,10526,1933
2023-09-03T14:32:17.120000+00:00,44,48,-424,10565,1934
2023-09-03T14:32:17.379000+00:00,44,48,-418,10737,1934
2023-09-03T14:32:17.540000+00:00,44,48,-411,10845,1935
2023-09-03T14:32:17.880000+00:00,44,48,-388,11122,1936
2023-09-03T14:32:18.320000+00:00,44,48,-334,11513,1936
2023-09-03T14:32:18.660000+00:00,44,48,-306,11657,1936
2023-09-03T14:32:18.840000+00:00,44,48,-274,11788,1936
2023-09-03T14:32:19.061000+00:00,44,48,-229,11948,1937
2023-09-03T14:32:19.321000+00:00,44,48,-136,12208,1936
2023-09-03T14:32:19.720000+00:00,44,48,-5,12492,1936
2023-09-03T14:32:20.141000+00:00,44,48,120,12712,1937
2023-09-03T14:32:20.381000+00:00,44,48,226,12872,1936
2023-09-03T14:32:20.619000+00:00,44,48,385,13076,1937
2023-09-03T14:32:20.919000+00:00,44,48,513,13214,1937
2023-09-03T14:32:21.119000+00:00,44,48,632,13328,1938
2023-09-03T14:32:21.320000+00:00,44,48,758,13435,1938
2023-09-03T14:32:21.560000+00:00,44,48,916,13557,1939
2023-09-03T14:32:21.899000+00:00,44,48,1153,13715,1941
2023-09-03T14:32:22.060000+00:00,44,48,1269,13782,1941
2023-09-03T14:32:22.239000+00:00,44,48,1404,13854,1942
2023-09-03T14:32:22.479000+00:00,44,48,1666,13975,1944
2023-09-03T14:32:22.799000+00:00,44,48,1953,14081,1946
2023-09-03T14:32:23.260000+00:00,44,48,2243,14160,1948
2023-09-03T14:32:23.440000+00:00,44,48,2394,14192,1950
2023-09-03T14:32:23.599000+00:00,44,48,2528,14218,1951
2023-09-03T14:32:23.899000+00:00,44,48,2848,14269,1954
2023-09-03T14:32:24.240000+00:00,44,48,3187,14312,1956
2023-09-03T14:32:24.600000+00:00,44,48,3374,14330,1958
2023-09-03T14:32:24.880000+00:00,44,48,3613,14349,1959
2023-09-03T14:32:25.160000+00:00,44,48,3852,14369,1961
2023-09-03T14:32:25.281000+00:00,44,48,3954,14378,1962
2023-09-03T14:32:25.581000+00:00,44,48,4256,14403,1964
2023-09-03T14:32:25.940000+00:00,44,48,4488,14419,1966
2023-09-03T14:32:26.200000+00:00,44,48,4709,14434,1967
2023-09-03T14:32:26.340000+00:00,44,48,4828,14441,1967
2023-09-03T14:32:26.540000+00:00,44,48,4997,14450,1967
2023-09-03T14:32:26.780000+00:00,44,48,5199,14460,1967
2023-09-03T14:32:27.039000+00:00,44,48,5416,14469,1967
2023-09-03T14:32:27.220000+00:00,44,48,5564,14474,1967
2023-09-03T14:32:27.480000+00:00,44,48,5782,14483,1967
2023-09-03T14:32:27.719000+00:00,44,48,5937,14488,1967
2023-09-03T14:32:28.080000+00:00,44,48,6173,14497,1966
2023-09-03T14:32:28.199000+00:00,44,48,6237,14499,1966
2023-09-03T14:32:28.499000+00:00,44,48,6414,14510,1965
2023-09-03T14:32:28.779000+00:00,44,48,6492,14520,1965
2023-09-03T14:32:29.120000+00:00,44,48,6610,14546,1964
2023-09-03T14:32:29.260000+00:00,44,48,6655,14560,1964
2023-09-03T14:32:29.440000+00:00,44,48,6709,14580,1964
2023-09-03T14:32:29.700000+00:00,44,48,6802,14628,1963
2023-09-03T14:32:30+00:00,44,48,6844,14662,1962
2023-09-03T14:32:30.300000+00:00,44,48,6892,14725,1963
2023-09-03T14:32:30.560000+00:00,44,48,6924,14793,1962
2023-09-03T14:32:30.760000+00:00,44,48,6950,14847,1961
2023-09-03T14:32:31+00:00,44,48,6992,14905,1961
2023-09-03T14:32:31.160000+00:00,44,48,7027,14942,1961
2023-09-03T14:32:31.320000+00:00,44,48,7066,14975,1961
2023-09-03T14:32:31.580000+00:00,44,48,7137,15021,1961
2023-09-03T14:32:31.760000+00:00,44,48,7233,15068,1961
2023-09-03T14:32:32.200000+00:00,44,48,7334,15101,1960
2023-09-03T14:32:32.340000+00:00,44,48,7385,15114,1960
2023-09-03T14:32:32.620000+00:00,44,48,7535,15146,1959
2023-09-03T14:32:33.060000+00:00,44,48,7682,15172,1958
2023-09-03T14:32:33.241000+00:00,44,48,7766,15188,1957
2023-09-03T14:32:33.400000+00:00,44,48,7841,15204,1957
2023-09-03T14:32:33.679000+00:00,44,48,7980,15240,1956
2023-09-03T14:32:33.839000+00:00,44,48,8063,15266,1955
2023-09-03T14:32:34.040000+00:00,44,48,8247,15322,1955
2023-09-03T14:32:34.540000+00:00,44,48,8523,15411,1953
2023-09-03T14:32:34.799000+00:00,44,48,8605,15441,1952
2023-09-03T14:32:35.140000+00:00,44,48,8808,15520,1952
2023-09-03T14:32:35.319000+00:00,44,48,8918,15563,1951
2023-09-03T14:32:35.460000+00:00,44,48,9005,15596,1951
2023-09-03T14:32:35.760000+00:00,44,48,9284,15693,1950
2023-09-03T14:32:36.099000+00:00,44,48,9413,15737,1950
2023-09-03T14:32:36.399000+00:00,44,48,9606,15800,1949
2023-09-03T14:32:36.500000+00:00,44,48,9667,15819,1949
2023-09-03T14:32:36.740000+00:00,44,48,9841,15865,1945
2023-09-03T14:32:37.020000+00:00,44,48,9996,15882,1943
2023-09-03T14:32:37.220000+00:00,44,48,10103,15880,1942
2023-09-03T14:32:37.820000+00:00,44,48,10397,15806,1939
2023-09-03T14:32:38.100000+00:00,44,48,10514,15738,1938
2023-09-03T14:32:38.280000+00:00,44,48,10583,15686,1937
2023-09-03T14:32:38.500000+00:00,44,48,10658,15613,1937
2023-09-03T14:32:38.700000+00:00,44,48,10717,15538,1936
2023-09-03T14:32:38.880000+00:00,44,48,10763,15464,1936
2023-09-03T14:32:39.060000+00:00,44,48,10803,15385,1936
2023-09-03T14:32:39.220000+00:00,44,48,10833,15311,1936
2023-09-03T14:32:39.461000+00:00,44,48,10869,15194,1937
2023-09-03T14:32:39.700000+00:00,44,48,10896,15072,1936
2023-09-03T14:32:40.001000+00:00,44,48,10929,14835,1935
2023-09-03T14:32:40.300000+00:00,44,48,10939,14745,1935
2023-09-03T14:32:40.600000+00:00,44,48,10957,14526,1933
2023-09-03T14:32:40.999000+00:00,44,48,10971,14333,1933
2023-09-03T14:32:41.219000+00:00,44,48,10982,14161,1933
2023-09-03T14:32:41.620000+00:00,44,48,10997,13948,1933
2023-09-03T14:32:41.779000+00:00,44,48,11005,13855,1933
2023-09-03T14:32:42+00:00,44,48,11018,13715,1932
2023-09-03T14:32:42.280000+00:00,44,48,11036,13532,1933
2023-09-03T14:32:42.480000+00:00,44,48,11048,13401,1932
2023-09-03T14:32:42.580000+00:00,44,48,11054,13337,1932
2023-09-03T14:32:42.900000+00:00,44,48,11066,13148,1933
2023-09-03T14:32:43.080000+00:00,44,48,11067,13053,1932
2023-09-03T14:32:43.260000+00:00,44,48,11063,12964,1931
2023-09-03T14:32:43.479000+00:00,44,48,11049,12861,1929
2023-09-03T14:32:43.580000+00:00,44,48,11039,12816,1929
2023-09-03T14:32:43.840000+00:00,44,48,10999,12706,1928
2023-09-03T14:32:44.080000+00:00,44,48,10921,12578,1928
2023-09-03T14:32:44.420000+00:00,44,48,10849,12498,1929
2023-09-03T14:32:44.720000+00:00,44,48,10686,12375,1930
2023-09-03T14:32:45.181000+00:00,44,48,10505,12273,1928
2023-09-03T14:32:45.540000+00:00,44,48,10313,12175,1927
2023-09-03T14:32:45.860000+00:00,44,48,10222,12130,1926
2023-09-03T14:32:46.160000+00:00,44,48,9990,12010,1925
2023-09-03T14:32:46.581000+00:00,44,48,9837,11928,1925
2023-09-03T14:32:46.800000+00:00,44,48,9678,11842,1925
2023-09-03T14:32:47.199000+00:00,44,48,9451,11720,1925
2023-09-03T14:32:47.420000+00:00,44,48,9319,11649,1925
2023-09-03T14:32:47.579000+00:00,44,48,9222,11595,1924
2023-09-03T14:32:47.859000+00:00,44,48,8988,11460,1924
2023-09-03T14:32:48.200000+00:00,44,48,8837,11373,1925
2023-09-03T14:32:48.359000+00:00,44,48,8734,11315,1924
2023-09-03T14:32:48.679000+00:00,44,48,8525,11199,1925
2023-09-03T14:32:48.919000+00:00,44,48,8367,11110,1925
2023-09-03T14:32:49.080000+00:00,44,48,8166,10996,1925
2023-09-03T14:32:49.420000+00:00,44,48,8031,10918,1925
2023-09-03T14:32:49.739000+00:00,44,48,7815,10790,1926
2023-09-03T14:32:49.900000+00:00,44,48,7708,10721,1927
2023-09-03T14:32:50.180000+00:00,44,48,7469,10557,1927
2023-09-03T14:32:50.420000+00:00,44,48,7364,10478,1927
2023-09-03T14:32:50.780000+00:00,44,48,7057,10228,1923
2023-09-03T14:32:51.040000+00:00,44,48,6967,10155,1921
2023-09-03T14:32:51.340000+00:00,44,48,6777,9993,1915
2023-09-03T14:32:51.520000+00:00,44,48,6663,9894,1912
2023-09-03T14:32:51.760000+00:00,44,48,6422,9683,1904
2023-09-03T14:32:52.280000+00:00,44,48,6178,9472,1896
2023-09-03T14:32:52.440000+00:00,44,48,6075,9382,1893
2023-09-03T14:32:52.660000+00:00,44,48,5934,9260,1888
2023-09-03T14:32:52.720000+00:00,44,48,5896,9226,1888
2023-09-03T14:32:52.960000+00:00,44,48,5741,9092,1883
2023-09-03T14:32:53.240000+00:00,44,48,5561,8935,1879
2023-09-03T14:32:53.499000+00:00,44,48,5354,8756,1877
2023-09-03T14:32:53.900000+00:00,44,48,5044,8486,1875
2023-09-03T14:32:54.319000+00:00,44,48,4863,8329,1878
2023-09-03T14:32:54.559000+00:00,44,48,4683,8172,1881
2023-09-03T14:32:54.879000+00:00,44,48,4503,8016,1885
2023-09-03T14:32:55.119000+00:00,44,48,4350,7882,1888
2023-09-03T14:32:55.399000+00:00,44,48,4101,7666,1895
2023-09-03T14:32:55.760000+00:00,44,48,3923,7511,1898
2023-09-03T14:32:55.960000+00:00,44,48,3795,7400,1898
2023-09-03T14:32:56.180000+00:00,44,48,3592,7224,1903
2023-09-03T14:32:56.640000+00:00,44,48,3364,7026,1906
2023-09-03T14:32:56.720000+00:00,44,48,3314,6982,1906
2023-09-03T14:32:56.920000+00:00,44,48,3188,6873,1908
2023-09-03T14:32:57.280000+00:00,44,48,2993,6702,1909
2023-09-03T14:32:57.500000+00:00,44,48,2867,6588,1909
2023-09-03T14:32:57.840000+00:00,44,48,2742,6466,1909
2023-09-03T14:32:58.100000+00:00,44,48,2659,6368,1909
2023-09-03T14:32:58.300000+00:00,44,48,2588,6240,1907
2023-09-03T14:32:58.700000+00:00,44,48,2555,6110,1907
2023-09-03T14:32:58.900000+00:00,44,48,2545,5971,1907
2023-09-03T14:32:59.321000+00:00,44,48,2546,5803,1906
2023-09-03T14:32:59.500000+00:00,44,48,2545,5713,1905
2023-09-03T14:32:59.720000+00:00,44,48,2541,5599,1905
2023-09-03T14:32:59.921000+00:00,44,48,2531,5492,1905
2023-09-03T14:33:00.140000+00:00,44,48,2486,5302,1902
2023-09-03T14:33:00.460000+00:00,44,48,2451,5206,1902
2023-09-03T14:33:00.780000+00:00,44,48,2370,5041,1901
2023-09-03T14:33:00.980000+00:00,44,48,2303,4943,1900
2023-09-03T14:33:01.159000+00:00,44,48,2234,4859,1899
2023-09-03T14:33:01.379000+00:00,44,48,2084,4704,1899
2023-09-03T14:33:01.699000+00:00,44,48,1998,4610,1898
2023-09-03T14:33:01.860000+00:00,44,48,1938,4529,1898
2023-09-03T14:33:02.040000+00:00,44,48,1881,4429,1898
2023-09-03T14:33:02.279000+00:00,44,48,1823,4280,1898
2023-09-03T14:33:03.420000+00:00,44,48,1703,3458,1894
2023-09-03T14:33:03.760000+00:00,44,48,1682,3238,1893
2023-09-03T14:33:04+00:00,44,48,1657,2987,1891
2023-09-03T14:33:04.440000+00:00,44,48,1634,2728,1890
2023-09-03T14:33:04.680000+00:00,44,48,1608,2450,1888
2023-09-03T14:33:05.100000+00:00,44,48,1576,2103,1885
2023-09-03T14:33:05.380000+00:00,44,48,1566,1991,1884
2023-09-03T14:33:05.640000+00:00,44,48,1547,1782,1883
2023-09-03T14:33:05.901000+00:00,44,48,1528,1571,1882
2023-09-03T14:33:06.100000+00:00,44,48,1512,1407,1881
2023-09-03T14:33:06.340000+00:00,44,48,1491,1176,1880
2023-09-03T14:33:06.639000+00:00,44,48,1467,913,1878
2023-09-03T14:33:06.920000+00:00,44,48,1446,679,1876
2023-09-03T14:33:07.159000+00:00,44,48,1424,443,1875
2023-09-03T14:33:07.480000+00:00,44,48,1402,205,1874
2023-09-03T14:33:07.639000+00:00,44,48,1389,69,1873
2023-09-03T14:33:07.800000+00:00,44,48,1377,-67,1872
2023-09-03T14:33:08.100000+00:00,44,48,1353,-324,1871
2023-09-03T14:33:08.280000+00:00,44,48,1339,-479,1870
2023-09-03T14:33:08.560000+00:00,44,48,1317,-721,1869
2023-09-03T14:33:08.739000+00:00,44,48,1303,-877,1868
2023-09-03T14:33:08.940000+00:00,44,48,1287,-1050,1867
2023-09-03T14:33:09.220000+00:00,44,48,1264,-1294,1865
2023-09-03T14:33:09.400000+00:00,44,48,1243,-1521,1865
2023-09-03T14:33:09.760000+00:00,44,48,1221,-1765,1863
2023-09-03T14:33:09.860000+00:00,44,48,1213,-1852,1863
2023-09-03T14:33:10.220000+00:00,44,48,1184,-2166,1861
2023-09-03T14:33:10.380000+00:00,44,48,1171,-2305,1860
2023-09-03T14:33:10.580000+00:00,44,48,1155,-2478,1859
2023-09-03T14:33:10.820000+00:00,44,48,1136,-2685,1858
2023-09-03T14:33:10.980000+00:00,44,48,1122,-2841,1857
2023-09-03T14:33:11.160000+00:00,44,48,1108,-2995,1856
2023-09-03T14:33:11.400000+00:00,44,48,1089,-3201,1855
2023-09-03T14:33:11.581000+00:00,44,48,1075,-3355,1854
2023-09-03T14:33:11.900000+00:00,44,48,1049,-3628,1852
2023-09-03T14:33:12.040000+00:00,44,48,1038,-3747,1852
2023-09-03T14:33:12.260000+00:00,44,48,1020,-3934,1852
2023-09-03T14:33:12.480000+00:00,44,48,991,-4222,1850
2023-09-03T14:33:12.961000+00:00,44,48,955,-4526,1848
2023-09-03T14:33:13.060000+00:00,44,48,927,-4723,1848
2023-09-03T14:33:13.579000+00:00,44,48,868,-5012,1846
2023-09-03T14:33:14+00:00,44,48,801,-5232,1844
2023-09-03T14:33:14.120000+00:00,44,48,774,-5299,1844
2023-09-03T14:33:14.360000+00:00,44,48,712,-5421,1843
2023-09-03T14:33:14.620000+00:00,44,48,628,-5536,1843
2023-09-03T14:33:14.799000+00:00,44,48,559,-5605,1843
2023-09-03T14:33:15.019000+00:00,44,48,465,-5677,1843
2023-09-03T14:33:15.120000+00:00,44,48,419,-5704,1843
2023-09-03T14:33:15.380000+00:00,44,48,295,-5759,1843
2023-09-03T14:33:15.540000+00:00,44,48,216,-5781,1843
2023-09-03T14:33:15.800000+00:00,44,48,82,-5800,1843
2023-09-03T14:33:15.960000+00:00,44,48,-2,-5800,1843
2023-09-03T14:33:16.080000+00:00,44,48,-66,-5796,1843
2023-09-03T14:33:16.400000+00:00,44,48,-237,-5763,1843
2023-09-03T14:33:16.600000+00:00,44,48,-344,-5728,1843
2023-09-03T14:33:16.800000+00:00,44,48,-448,-5682,1844
2023-09-03T14:33:16.960000+00:00,44,48,-539,-5632,1845
2023-09-03T14:33:17.120000+00:00,44,48,-621,-5580,1845
2023-09-03T14:33:17.380000+00:00,44,48,-746,-5483,1845
2023-09-03T14:33:17.660000+00:00,44,48,-907,-5322,1846
2023-09-03T14:33:18.020000+00:00,44,48,-1020,-5180,1846
2023-09-03T14:33:18.260000+00:00,44,48,-1108,-5046,1847
2023-09-03T14:33:18.520000+00:00,44,48,-1210,-4853,1848
2023-09-03T14:33:18.941000+00:00,44,48,-1305,-4622,1850
2023-09-03T14:33:19.100000+00:00,44,48,-1362,-4446,1851
2023-09-03T14:33:19.580000+00:00,44,48,-1427,-4176,1853
2023-09-03T14:33:19.740000+00:00,44,48,-1458,-3986,1854
2023-09-03T14:33:20.080000+00:00,44,48,-1477,-3813,1855
2023-09-03T14:33:20.239000+00:00,44,48,-1486,-3692,1855
2023-09-03T14:33:20.600000+00:00,44,48,-1497,-3415,1856
2023-09-03T14:33:20.820000+00:00,44,48,-1499,-3196,1858
2023-09-03T14:33:21.140000+00:00,44,48,-1499,-2990,1859
2023-09-03T14:33:21.299000+00:00,44,48,-1497,-2862,1860
2023-09-03T14:33:21.599000+00:00,44,48,-1492,-2619,1861
2023-09-03T14:33:21.799000+00:00,44,48,-1487,-2451,1862
2023-09-03T14:33:22.099000+00:00,44,48,-1477,-2205,1863
2023-09-03T14:33:22.220000+00:00,44,48,-1472,-2106,1864
2023-09-03T14:33:22.399000+00:00,44,48,-1465,-1956,1865
2023-09-03T14:33:22.580000+00:00,44,48,-1456,-1806,1866
2023-09-03T14:33:22.920000+00:00,44,48,-1438,-1520,1868
2023-09-03T14:33:22.980000+00:00,44,48,-1435,-1470,1868
2023-09-03T14:33:23.320000+00:00,44,48,-1415,-1196,1869
2023-09-03T14:33:23.540000+00:00,44,48,-1396,-947,1870
2023-09-03T14:33:23.960000+00:00,44,48,-1375,-687,1871
2023-09-03T14:33:24.020000+00:00,44,48,-1370,-635,1871
2023-09-03T14:17:05.100000+00:00,16,38,-1356,-474,1872
2023-09-03T14:17:05.400000+00:00,16,38,-1344,-334,1873
2023-09-03T14:17:05.700000+00:00,16,38,-1320,-68,1874
2023-09-03T14:17:05.940000+00:00,16,38,-1301,144,1875
2023-09-03T14:17:06.179000+00:00,16,38,-1283,359,1876
2023-09-03T14:17:06.339000+00:00,16,38,-1270,503,1877
2023-09-03T14:17:06.520000+00:00,16,38,-1245,792,1879
2023-09-03T14:17:06.899000+00:00,16,38,-1215,1139,1881
2023-09-03T14:17:07.360000+00:00,16,38,-1185,1488,1883
2023-09-03T14:17:07.700000+00:00,16,38,-1163,1748,1884
2023-09-03T14:17:08+00:00,16,38,-1131,2119,1886
2023-09-03T14:17:08.240000+00:00,16,38,-1120,2250,1886
2023-09-03T14:17:08.520000+00:00,16,38,-1097,2512,1888
2023-09-03T14:17:08.700000+00:00,16,38,-1083,2681,1889
2023-09-03T14:17:09.020000+00:00,16,38,-1057,2981,1890
2023-09-03T14:17:09.220000+00:00,16,38,-1031,3281,1892
2023-09-03T14:17:09.540000+00:00,16,38,-1015,3469,1892
2023-09-03T14:17:09.760000+00:00,16,38,-997,3676,1894
2023-09-03T14:17:09.920000+00:00,16,38,-984,3827,1895
2023-09-03T14:17:10.240000+00:00,16,38,-958,4128,1896
2023-09-03T14:17:10.440000+00:00,16,38,-937,4372,1897
2023-09-03T14:17:10.700000+00:00,16,38,-921,4559,1898
2023-09-03T14:17:10.920000+00:00,16,38,-903,4766,1899
2023-09-03T14:17:11.220000+00:00,16,38,-879,5047,1901
2023-09-03T14:17:11.500000+00:00,16,38,-851,5364,1902
2023-09-03T14:17:11.779000+00:00,16,38,-834,5569,1903
2023-09-03T14:17:11.960000+00:00,16,38,-819,5736,1904
2023-09-03T14:17:12.139000+00:00,16,38,-805,5903,1905
2023-09-03T14:17:12.399000+00:00,16,38,-785,6143,1906
2023-09-03T14:17:12.599000+00:00,16,38,-768,6348,1908
2023-09-03T14:17:12.939000+00:00,16,38,-738,6695,1910
2023-09-03T14:17:13.119000+00:00,16,38,-724,6858,1911
2023-09-03T14:17:13.320000+00:00,16,38,-706,7080,1912
2023-09-03T14:17:13.680000+00:00,16,38,-687,7310,1913
2023-09-03T14:17:13.820000+00:00,16,38,-680,7395,1913
2023-09-03T14:17:14.039000+00:00,16,38,-668,7537,1914
2023-09-03T14:17:14.279000+00:00,16,38,-656,7674,1915
2023-09-03T14:17:14.579000+00:00,16,38,-638,7861,1916
2023-09-03T14:17:14.819000+00:00,16,38,-632,7917,1916
2023-09-03T14:17:15.200000+00:00,16,38,-601,8069,1918
2023-09-03T14:17:15.439000+00:00,16,38,-586,8113,1918
2023-09-03T14:17:15.740000+00:00,16,38,-551,8183,1918
2023-09-03T14:17:15.959000+00:00,16,38,-508,8239,1919
2023-09-03T14:17:16.300000+00:00,16,38,-464,8274,1919
2023-09-03T14:17:16.540000+00:00,16,38,-419,8295,1920
2023-09-03T14:17:16.799000+00:00,16,38,-368,8308,1920
2023-09-03T14:17:17+00:00,16,38,-307,8319,1920
2023-09-03T14:17:17.300000+00:00,16,38,-275,8328,1920
2023-09-03T14:17:17.620000+00:00,16,38,-202,8371,1920
2023-09-03T14:17:17.901000+00:00,16,38,-186,8390,1921
2023-09-03T14:17:18.160000+00:00,16,38,-164,8432,1921
2023-09-03T14:17:18.339000+00:00,16,38,-155,8462,1922
2023-09-03T14:17:18.659000+00:00,16,38,-143,8534,1922
2023-09-03T14:17:19.079000+00:00,16,38,-143,8615,1923
2023-09-03T14:17:19.399000+00:00,16,38,-146,8649,1923
2023-09-03T14:17:19.560000+00:00,16,38,-150,8680,1923
2023-09-03T14:17:19.739000+00:00,16,38,-157,8717,1924
2023-09-03T14:17:20.080000+00:00,16,38,-183,8828,1925
2023-09-03T14:17:20.360000+00:00,16,38,-192,8864,1924
2023-09-03T14:17:20.620000+00:00,16,38,-212,8935,1925
2023-09-03T14:17:20.819000+00:00,16,38,-227,8994,1925
2023-09-03T14:17:21.139000+00:00,16,38,-258,9110,1926
2023-09-03T14:17:21.520000+00:00,16,38,-296,9263,1926
2023-09-03T14:17:21.860000+00:00,16,38,-321,9368,1926
2023-09-03T14:17:22.140000+00:00,16,38,-348,9490,1928
2023-09-03T14:17:22.320000+00:00,16,38,-365,9573,1928
2023-09-03T14:17:22.499000+00:00,16,38,-381,9661,1929
2023-09-03T14:17:22.740000+00:00,16,38,-404,9827,1930
2023-09-03T14:17:23.180000+00:00,16,38,-419,10028,1930
2023-09-03T14:17:23.380000+00:00,16,38,-426,10230,1932
2023-09-03T14:17:23.640000+00:00,16,38,-426,10303,1932
2023-09-03T14:17:23.920000+00:00,16,38,-426,10479,1933
2023-09-03T14:17:24.060000+00:00,16,38,-424,10569,1934
2023-09-03T14:17:24.280000+00:00,16,38,-419,10714,1934
2023-09-03T14:17:24.520000+00:00,16,38,-409,10876,1935
2023-09-03T14:17:24.721000+00:00,16,38,-399,11013,1935
2023-09-03T14:17:24.919000+00:00,16,38,-385,11153,1936
2023-09-03T14:17:25.119000+00:00,16,38,-368,11294,1936
2023-09-03T14:17:25.419000+00:00,16,38,-321,11583,1936
2023-09-03T14:17:25.860000+00:00,16,38,-263,11831,1936
2023-09-03T14:17:26.019000+00:00,16,38,-229,11948,1937
2023-09-03T14:17:26.239000+00:00,16,38,-153,12166,1936
2023-09-03T14:17:26.620000+00:00,16,38,-60,12381,1937
2023-09-03T14:17:26.859000+00:00,16,38,25,12551,1936
2023-09-03T14:17:27.039000+00:00,16,38,97,12675,1936
2023-09-03T14:17:27.160000+00:00,16,38,148,12757,1936
2023-09-03T14:17:27.440000+00:00,16,38,278,12943,1936
2023-09-03T14:17:27.619000+00:00,16,38,369,13057,1938
2023-09-03T14:17:27.879000+00:00,16,38,546,13247,1938
2023-09-03T14:17:28.120000+00:00,16,38,784,13456,1938
2023-09-03T14:17:28.560000+00:00,16,38,986,13606,1939
2023-09-03T14:17:28.720000+00:00,16,38,1156,13716,1941
2023-09-03T14:17:29.200000+00:00,16,38,1455,13879,1942
2023-09-03T14:17:29.380000+00:00,16,38,1658,13972,1943
2023-09-03T14:17:29.620000+00:00,16,38,1786,14023,1944
2023-09-03T14:17:29.980000+00:00,16,38,2083,14119,1947
2023-09-03T14:17:30.160000+00:00,16,38,2236,14158,1948
2023-09-03T14:17:30.280000+00:00,16,38,2339,14181,1949
2023-09-03T14:17:30.620000+00:00,16,38,2756,14256,1953
2023-09-03T14:17:30.920000+00:00,16,38,2896,14276,1954
2023-09-03T14:17:31.080000+00:00,16,38,3038,14294,1955
2023-09-03T14:17:31.281000+00:00,16,38,3215,14314,1957
2023-09-03T14:17:31.579000+00:00,16,38,3590,14347,1959
2023-09-03T14:17:31.959000+00:00,16,38,3824,14366,1961
2023-09-03T14:17:32.139000+00:00,16,38,3987,14381,1962
2023-09-03T14:17:32.340000+00:00,16,38,4200,14398,1964
2023-09-03T14:17:32.600000+00:00,16,38,4429,14415,1965
2023-09-03T14:17:32.880000+00:00,16,38,4674,14432,1966
2023-09-03T14:17:33.039000+00:00,16,38,4820,14440,1967
2023-09-03T14:17:33.260000+00:00,16,38,5022,14451,1967
2023-09-03T14:17:33.500000+00:00,16,38,5335,14465,1967
2023-09-03T14:17:33.820000+00:00,16,38,5533,14472,1967
2023-09-03T14:17:34.080000+00:00,16,38,5750,14482,1967
2023-09-03T14:17:34.199000+00:00,16,38,5844,14485,1967
2023-09-03T14:17:34.459000+00:00,16,38,6028,14491,1966
2023-09-03T14:17:34.620000+00:00,16,38,6207,14498,1966
2023-09-03T14:17:35.060000+00:00,16,38,6361,14505,1966
2023-09-03T14:17:35.160000+00:00,16,38,6406,14509,1965
2023-09-03T14:17:35.380000+00:00,16,38,6495,14520,1965
2023-09-03T14:17:35.579000+00:00,16,38,6570,14535,1965
2023-09-03T14:17:35.980000+00:00,16,38,6713,14581,1964
2023-09-03T14:17:36.240000+00:00,16,38,6772,14610,1963
2023-09-03T14:17:36.560000+00:00,16,38,6843,14661,1962
2023-09-03T14:17:36.780000+00:00,16,38,6888,14718,1963
2023-09-03T14:17:37.120000+00:00,16,38,6922,14789,1962
2023-09-03T14:17:37.260000+00:00,16,38,6940,14827,1962
2023-09-03T14:17:37.440000+00:00,16,38,6966,14871,1961
2023-09-03T14:17:37.801000+00:00,16,38,7069,14977,1961
2023-09-03T14:17:38.239000+00:00,16,38,7147,15027,1961
2023-09-03T14:17:38.399000+00:00,16,38,7192,15050,1961
2023-09-03T14:17:38.620000+00:00,16,38,7257,15076,1961
2023-09-03T14:17:38.819000+00:00,16,38,7339,15103,1960
2023-09-03T14:17:39.279000+00:00,16,38,7482,15136,1959
2023-09-03T14:17:39.319000+00:00,16,38,7497,15139,1959
2023-09-03T14:17:39.619000+00:00,16,38,7617,15160,1958
2023-09-03T14:17:40.300000+00:00,16,38,7921,15224,1957
2023-09-03T14:17:40.560000+00:00,16,38,8048,15261,1956
2023-09-03T14:17:40.820000+00:00,16,38,8257,15325,1955
2023-09-03T14:17:41.259000+00:00,16,38,8409,15372,1953
2023-09-03T14:17:41.480000+00:00,16,38,8533,15414,1953
2023-09-03T14:17:41.680000+00:00,16,38,8683,15471,1953
2023-09-03T14:17:42.020000+00:00,16,38,8848,15536,1952
2023-09-03T14:17:42.320000+00:00,16,38,9030,15605,1951
2023-09-03T14:17:42.560000+00:00,16,38,9255,15683,1950
2023-09-03T14:17:42.980000+00:00,16,38,9458,15752,1950
2023-09-03T14:17:43.280000+00:00,16,38,9631,15808,1948
2023-09-03T14:17:43.520000+00:00,16,38,9769,15848,1946
2023-09-03T14:17:43.800000+00:00,16,38,9919,15876,1944
2023-09-03T14:17:43.980000+00:00,16,38,10051,15882,1942
2023-09-03T14:17:44.341000+00:00,16,38,10188,15869,1941
2023-09-03T14:17:44.601000+00:00,16,38,10367,15819,1939
2023-09-03T14:17:44.979000+00:00,16,38,10465,15770,1938
2023-09-03T14:17:45.259000+00:00,16,38,10568,15698,1938
2023-09-03T14:17:45.460000+00:00,16,38,10665,15605,1937
2023-09-03T14:17:45.819000+00:00,16,38,10737,15509,1936
2023-09-03T14:17:46.020000+00:00,16,38,10808,15374,1937
2023-09-03T14:17:46.339000+00:00,16,38,10843,15282,1936
2023-09-03T14:17:46.580000+00:00,16,38,10877,15163,1936
2023-09-03T14:17:46.860000+00:00,16,38,10905,15016,1936
2023-09-03T14:17:47.020000+00:00,16,38,10918,14928,1936
2023-09-03T14:17:47.180000+00:00,16,38,10929,14837,1935
2023-09-03T14:17:47.340000+00:00,16,38,10939,14745,1935
2023-09-03T14:17:47.640000+00:00,16,38,10955,14565,1934
2023-09-03T14:17:47.920000+00:00,16,38,10971,14328,1933
2023-09-03T14:17:48.240000+00:00,16,38,10980,14187,1933
2023-09-03T14:17:48.540000+00:00,16,38,10994,13988,1933
2023-09-03T14:17:48.720000+00:00,16,38,11010,13797,1933
2023-09-03T14:17:49.060000+00:00,16,38,11026,13629,1932
2023-09-03T14:17:49.380000+00:00,16,38,11047,13412,1932
2023-09-03T14:17:49.480000+00:00,16,38,11059,13268,1933
2023-09-03T14:17:49.940000+00:00,16,38,11067,13042,1932
2023-09-03T14:17:50.240000+00:00,16,38,11062,12947,1931
2023-09-03T14:17:50.600000+00:00,16,38,11013,12738,1928
2023-09-03T14:17:50.980000+00:00,16,38,10928,12588,1927
2023-09-03T14:17:51.400000+00:00,16,38,10848,12498,1929
2023-09-03T14:17:51.479000+00:00,16,38,10823,12475,1930
2023-09-03T14:17:51.779000+00:00,16,38,10715,12394,1930
2023-09-03T14:17:52+00:00,16,38,10628,12340,1930
2023-09-03T14:17:52.220000+00:00,16,38,10535,12288,1928
2023-09-03T14:17:52.480000+00:00,16,38,10382,12210,1927
2023-09-03T14:17:52.740000+00:00,16,38,10296,12167,1926
2023-09-03T14:17:53.040000+00:00,16,38,10145,12091,1925
2023-09-03T14:17:53.320000+00:00,16,38,9999,12015,1924
2023-09-03T14:17:53.459000+00:00,16,38,9924,11975,1924
2023-09-03T14:17:53.640000+00:00,16,38,9826,11922,1925
2023-09-03T14:17:53.900000+00:00,16,38,9563,11780,1925
2023-09-03T14:17:54.180000+00:00,16,38,9476,11734,1925
2023-09-03T14:17:54.400000+00:00,16,38,9347,11664,1925
2023-09-03T14:17:54.579000+00:00,16,38,9239,11604,1924
2023-09-03T14:17:54.980000+00:00,16,38,8944,11435,1924
2023-09-03T14:17:55.320000+00:00,16,38,8779,11340,1925
2023-09-03T14:17:55.439000+00:00,16,38,8701,11297,1925
2023-09-03T14:17:55.800000+00:00,16,38,8410,11135,1925
2023-09-03T14:17:56.020000+00:00,16,38,8317,11082,1924
2023-09-03T14:17:56.360000+00:00,16,38,8085,10949,1926
2023-09-03T14:17:56.480000+00:00,16,38,8002,10902,1926
2023-09-03T14:17:56.680000+00:00,16,38,7865,10820,1926
2023-09-03T14:17:56.880000+00:00,16,38,7728,10734,1928
2023-09-03T14:17:57.121000+00:00,16,38,7565,10625,1927
2023-09-03T14:17:57.320000+00:00,16,38,7416,10517,1927
2023-09-03T14:17:57.480000+00:00,16,38,7311,10435,1927
2023-09-03T14:17:57.800000+00:00,16,38,7101,10263,1924
2023-09-03T14:17:58.039000+00:00,16,38,6942,10135,1920
2023-09-03T14:17:58.259000+00:00,16,38,6799,10013,1916
2023-09-03T14:17:58.439000+00:00,16,38,6682,9910,1913
2023-09-03T14:17:58.540000+00:00,16,38,6616,9853,1910
2023-09-03T14:17:58.760000+00:00,16,38,6471,9726,1906
2023-09-03T14:17:59.040000+00:00,16,38,6232,9519,1898
2023-09-03T14:17:59.360000+00:00,16,38,6072,9379,1893
2023-09-03T14:17:59.699000+00:00,16,38,5749,9099,1884
2023-09-03T14:18:00.100000+00:00,16,38,5491,8875,1877
2023-09-03T14:18:00.440000+00:00,16,38,5342,8745,1877
2023-09-03T14:18:00.619000+00:00,16,38,5125,8556,1876
2023-09-03T14:18:01.139000+00:00,16,38,4811,8283,1878
2023-09-03T14:18:01.500000+00:00,16,38,4620,8117,1883
2023-09-03T14:18:01.659000+00:00,16,38,4510,8022,1885
2023-09-03T14:18:01.860000+00:00,16,38,4374,7903,1888
2023-09-03T14:18:02.060000+00:00,16,38,4230,7778,1892
2023-09-03T14:18:02.300000+00:00,16,38,4054,7625,1896
2023-09-03T14:18:02.480000+00:00,16,38,3932,7519,1899
2023-09-03T14:18:02.660000+00:00,16,38,3810,7414,1898
2023-09-03T14:18:02.980000+00:00,16,38,3500,7144,1904
2023-09-03T14:18:03.361000+00:00,16,38,3339,7003,1906
2023-09-03T14:18:03.520000+00:00,16,38,3233,6911,1907
2023-09-03T14:18:03.700000+00:00,16,38,3117,6811,1908
2023-09-03T14:18:03.921000+00:00,16,38,3016,6722,1909
2023-09-03T14:18:04.120000+00:00,16,38,2918,6635,1909
2023-09-03T14:18:04.440000+00:00,16,38,2733,6457,1909
2023-09-03T14:18:04.799000+00:00,16,38,2657,6366,1909
2023-09-03T14:18:04.959000+00:00,16,38,2617,6303,1908
2023-09-03T14:18:05.179000+00:00,16,38,2577,6209,1907
2023-09-03T14:18:05.459000+00:00,16,38,2550,6076,1907
2023-09-03T14:18:05.679000+00:00,16,38,2544,5966,1907
2023-09-03T14:18:05.880000+00:00,16,38,2545,5867,1906
2023-09-03T14:18:06.120000+00:00,16,38,2545,5718,1906
2023-09-03T14:18:06.519000+00:00,16,38,2537,5546,1905
2023-09-03T14:18:06.760000+00:00,16,38,2519,5424,1904
2023-09-03T14:18:06.960000+00:00,16,38,2468,5250,1902
2023-09-03T14:18:07.220000+00:00,16,38,2444,5190,1902
2023-09-03T14:18:07.600000+00:00,16,38,2347,5005,1901
2023-09-03T14:18:07.760000+00:00,16,38,2294,4931,1900
2023-09-03T14:18:08.020000+00:00,16,38,2187,4808,1899
2023-09-03T14:18:08.260000+00:00,16,38,2092,4712,1899
2023-09-03T14:18:08.499000+00:00,16,38,1993,4604,1898
2023-09-03T14:18:08.759000+00:00,16,38,1870,4403,1898
2023-09-03T14:18:09.200000+00:00,16,38,1802,4203,1897
2023-09-03T14:18:09.400000+00:00,16,38,1771,4070,1897
2023-09-03T14:18:09.580000+00:00,16,38,1750,3949,1896
2023-09-03T14:18:09.820000+00:00,16,38,1726,3711,1895
2023-09-03T14:18:10.260000+00:00,16,38,1704,3467,1894
2023-09-03T14:18:10.480000+00:00,16,38,1689,3307,1893
2023-09-03T14:18:10.701000+00:00,16,38,1672,3145,1893
2023-09-03T14:18:10.840000+00:00,16,38,1662,3042,1892
2023-09-03T14:18:11.039000+00:00,16,38,1650,2910,1891
2023-09-03T14:18:11.359000+00:00,16,38,1637,2759,1890
2023-09-03T14:18:11.619000+00:00,16,38,1618,2559,1889
2023-09-03T14:18:11.919000+00:00,16,38,1586,2211,1886
2023-09-03T14:18:12.360000+00:00,16,38,1564,1969,1885
2023-09-03T14:18:12.579000+00:00,16,38,1548,1789,1884
2023-09-03T14:18:12.779000+00:00,16,38,1533,1625,1883
2023-09-03T14:18:12.940000+00:00,16,38,1513,1410,1881
2023-09-03T14:18:13.399000+00:00,16,38,1458,818,1877
2023-09-03T14:18:13.720000+00:00,16,38,1444,665,1876
2023-09-03T14:18:13.879000+00:00,16,38,1432,528,1876
2023-09-03T14:18:14.179000+00:00,16,38,1408,270,1874
2023-09-03T14:18:14.439000+00:00,16,38,1387,46,1873
2023-09-03T14:18:14.660000+00:00,16,38,1370,-144,1872
2023-09-03T14:18:14.880000+00:00,16,38,1342,-442,1870
2023-09-03T14:18:15.240000+00:00,16,38,1312,-776,1868
2023-09-03T14:18:15.660000+00:00,16,38,1289,-1024,1867
2023-09-03T14:18:15.920000+00:00,16,38,1268,-1255,1866
2023-09-03T14:18:16.100000+00:00,16,38,1253,-1415,1866
2023-09-03T14:18:16.340000+00:00,16,38,1233,-1629,1864
2023-09-03T14:18:16.560000+00:00,16,38,1215,-1826,1863
2023-09-03T14:18:16.740000+00:00,16,38,1200,-1987,1862
2023-09-03T14:18:16.940000+00:00,16,38,1184,-2167,1861
2023-09-03T14:18:17.100000+00:00,16,38,1171,-2312,1860
2023-09-03T14:18:17.261000+00:00,16,38,1157,-2457,1859
2023-09-03T14:18:17.561000+00:00,16,38,1130,-2751,1857
2023-09-03T14:18:17.800000+00:00,16,38,1108,-2991,1856
2023-09-03T14:18:17.859000+00:00,16,38,1103,-3046,1855
2023-09-03T14:18:18.139000+00:00,16,38,1080,-3302,1854
2023-09-03T14:18:18.400000+00:00,16,38,1052,-3597,1853
2023-09-03T14:18:18.799000+00:00,16,38,1022,-3911,1851
2023-09-03T14:18:18.980000+00:00,16,38,994,-4188,1850
2023-09-03T14:18:19.460000+00:00,16,38,957,-4516,1848
2023-09-03T14:18:19.639000+00:00,16,38,936,-4665,1848
2023-09-03T14:18:19.820000+00:00,16,38,913,-4802,1847
2023-09-03T14:18:20.880000+00:00,16,38,707,-5429,1844
2023-09-03T14:18:21.080000+00:00,16,38,646,-5515,1843
2023-09-03T14:18:21.259000+00:00,16,38,529,-5630,1842
2023-09-03T14:18:21.720000+00:00,16,38,394,-5717,1843
2023-09-03T14:18:21.960000+00:00,16,38,284,-5762,1843
2023-09-03T14:18:22.119000+00:00,16,38,207,-5783,1843
2023-09-03T14:18:22.320000+00:00,16,38,108,-5798,1843
2023-09-03T14:18:22.500000+00:00,16,38,17,-5801,1843
2023-09-03T14:18:22.820000+00:00,16,38,-146,-5784,1844
2023-09-03T14:18:22.980000+00:00,16,38,-228,-5765,1843
2023-09-03T14:18:23.160000+00:00,16,38,-320,-5736,1844
2023-09-03T14:18:23.360000+00:00,16,38,-421,-5695,1844
2023-09-03T14:18:23.580000+00:00,16,38,-548,-5627,1845
2023-09-03T14:18:23.860000+00:00,16,38,-681,-5536,1844
2023-09-03T14:18:23.960000+00:00,16,38,-727,-5499,1845
2023-09-03T14:18:24.160000+00:00,16,38,-816,-5419,1846
2023-09-03T14:18:24.399000+00:00,16,38,-917,-5311,1846
2023-09-03T14:18:24.600000+00:00,16,38,-996,-5213,1846
2023-09-03T14:18:24.779000+00:00,16,38,-1062,-5118,1847
2023-09-03T14:18:25.079000+00:00,16,38,-1163,-4947,1848
2023-09-03T14:18:25.259000+00:00,16,38,-1251,-4763,1849
2023-09-03T14:18:25.619000+00:00,16,38,-1334,-4540,1850
2023-09-03T14:18:26.119000+00:00,16,38,-1409,-4263,1852
2023-09-03T14:18:26.280000+00:00,16,38,-1445,-4075,1853
2023-09-03T14:18:26.679000+00:00,16,38,-1474,-3853,1854
2023-09-03T14:18:26.920000+00:00,16,38,-1487,-3671,1855
2023-09-03T14:18:27.080000+00:00,16,38,-1493,-3547,1856
2023-09-03T14:18:27.320000+00:00,16,38,-1498,-3360,1857
2023-09-03T14:18:27.539000+00:00,16,38,-1499,-3091,1858
2023-09-03T14:18:27.940000+00:00,16,38,-1495,-2753,1861
2023-09-03T14:18:28.240000+00:00,16,38,-1492,-2623,1861
2023-09-03T14:18:28.460000+00:00,16,38,-1486,-2442,1862
2023-09-03T14:18:28.620000+00:00,16,38,-1481,-2310,1863
2023-09-03T14:18:28.800000+00:00,16,38,-1475,-2160,1864
2023-09-03T14:18:29.140000+00:00,16,38,-1456,-1807,1866
2023-09-03T14:18:29.500000+00:00,16,38,-1441,-1569,1868
2023-09-03T14:18:29.780000+00:00,16,38,-1418,-1243,1869
2023-09-03T14:18:30.060000+00:00,16,38,-1406,-1087,1870
2023-09-03T14:18:30.380000+00:00,16,38,-1389,-865,1871
2023-09-03T14:18:30.601000+00:00,16,39,-1363,-549,1872
2023-09-03T14:18:30.919000+00:00,16,39,-1349,-390,1873
2023-09-03T14:18:31.199000+00:00,16,39,-1320,-71,1874
2023-09-03T14:18:31.499000+00:00,16,39,-1303,124,1875
2023-09-03T14:18:31.819000+00:00,16,39,-1278,411,1877
2023-09-03T14:18:32.079000+00:00,16,39,-1258,646,1878
2023-09-03T14:18:32.159000+00:00,16,39,-1252,719,1878
2023-09-03T14:18:32.419000+00:00,16,39,-1231,955,1880
2023-09-03T14:18:32.639000+00:00,16,39,-1214,1157,1881
2023-09-03T14:18:32.820000+00:00,16,39,-1200,1323,1882
2023-09-03T14:18:33.080000+00:00,16,39,-1179,1561,1883
2023-09-03T14:18:33.300000+00:00,16,39,-1161,1764,1884
2023-09-03T14:18:33.519000+00:00,16,39,-1138,2042,1885
2023-09-03T14:18:33.740000+00:00,16,39,-1126,2172,1886
2023-09-03T14:18:34.059000+00:00,16,39,-1101,2470,1888
2023-09-03T14:18:34.220000+00:00,16,39,-1088,2620,1888
2023-09-03T14:18:34.520000+00:00,16,39,-1055,2994,1890
2023-09-03T14:18:34.960000+00:00,16,39,-1028,3312,1892
2023-09-03T14:18:35.140000+00:00,16,39,-1002,3612,1893
2023-09-03T14:18:35.520000+00:00,16,39,-983,3836,1895
2023-09-03T14:18:35.760000+00:00,16,39,-957,4136,1896
2023-09-03T14:18:36.180000+00:00,16,39,-930,4455,1897
2023-09-03T14:18:36.360000+00:00,16,39,-915,4623,1898
2023-09-03T14:18:36.581000+00:00,16,39,-894,4866,1900
2023-09-03T14:18:36.920000+00:00,16,39,-870,5146,1901
2023-09-03T14:18:37.040000+00:00,16,39,-860,5258,1902
2023-09-03T14:18:37.240000+00:00,16,39,-844,5444,1902
2023-09-03T14:18:37.539000+00:00,16,39,-821,5722,1904
2023-09-03T14:18:37.819000+00:00,16,39,-781,6188,1907
2023-09-03T14:18:38.240000+00:00,16,39,-761,6425,1908
2023-09-03T14:18:38.419000+00:00,16,39,-747,6587,1909
2023-09-03T14:18:38.619000+00:00,16,39,-732,6766,1910
2023-09-03T14:18:38.800000+00:00,16,39,-719,6921,1911
2023-09-03T14:18:39.060000+00:00,16,39,-697,7188,1912
2023-09-03T14:18:39.380000+00:00,16,39,-683,7360,1913
2023-09-03T14:18:39.680000+00:00,16,39,-662,7615,1914
2023-09-03T14:18:40.039000+00:00,16,39,-644,7806,1915
2023-09-03T14:18:40.540000+00:00,16,39,-624,7969,1917
2023-09-03T14:18:40.899000+00:00,16,39,-600,8071,1918
2023-09-03T14:18:41.159000+00:00,16,39,-561,8165,1918
2023-09-03T14:18:41.460000+00:00,16,39,-534,8208,1919
2023-09-03T14:18:41.800000+00:00,16,39,-461,8276,1919
2023-09-03T14:18:42.060000+00:00,16,39,-430,8291,1920
2023-09-03T14:18:42.360000+00:00,16,39,-372,8307,1920
2023-09-03T14:18:42.600000+00:00,16,39,-310,8319,1920
2023-09-03T14:18:43.020000+00:00,16,39,-247,8339,1920
2023-09-03T14:18:43.280000+00:00,16,39,-206,8367,1920
2023-09-03T14:18:43.440000+00:00,16,39,-176,8405,1921
2023-09-03T14:18:43.820000+00:00,16,39,-157,8453,1922
2023-09-03T14:18:43.941000+00:00,16,39,-152,8475,1922
2023-09-03T14:18:44.200000+00:00,16,39,-144,8521,1922
2023-09-03T14:18:44.460000+00:00,16,39,-141,8569,1923
2023-09-03T14:18:44.639000+00:00,16,39,-142,8602,1923
2023-09-03T14:18:44.859000+00:00,16,39,-145,8644,1923
2023-09-03T14:18:45.020000+00:00,16,39,-149,8676,1923
2023-09-03T14:18:45.380000+00:00,16,39,-164,8753,1924
2023-09-03T14:18:45.540000+00:00,16,39,-179,8814,1924
2023-09-03T14:18:45.920000+00:00,16,39,-198,8887,1925
2023-09-03T14:18:46.200000+00:00,16,39,-230,9003,1925
2023-09-03T14:18:46.480000+00:00,16,39,-243,9054,1925
2023-09-03T14:18:46.740000+00:00,16,39,-266,9142,1926
2023-09-03T14:18:46.980000+00:00,16,39,-288,9229,1926
2023-09-03T14:18:47.080000+00:00,16,39,-297,9267,1926
2023-09-03T14:18:47.399000+00:00,16,39,-337,9437,1928
2023-09-03T14:18:47.699000+00:00,16,39,-356,9525,1928
2023-09-03T14:18:47.920000+00:00,16,39,-375,9629,1928
2023-09-03T14:18:48.860000+00:00,16,39,-423,10135,1931
2023-09-03T14:18:49.160000+00:00,16,39,-427,10316,1932
2023-09-03T14:18:49.200000+00:00,16,39,-427,10341,1932
2023-09-03T14:18:49.480000+00:00,16,39,-425,10518,1933
2023-09-03T14:18:49.700000+00:00,16,39,-418,10728,1934
2023-09-03T14:18:50.140000+00:00,16,39,-395,11055,1935
2023-09-03T14:18:50.481000+00:00,16,39,-380,11195,1936
2023-09-03T14:18:50.639000+00:00,16,39,-366,11308,1936
2023-09-03T14:18:50.839000+00:00,16,39,-341,11476,1936
2023-09-03T14:18:51.179000+00:00,16,39,-291,11721,1936
2023-09-03T14:18:51.320000+00:00,16,39,-266,11822,1936
2023-09-03T14:18:51.540000+00:00,16,39,-218,11981,1936
2023-09-03T14:18:51.759000+00:00,16,39,-163,12140,1936
2023-09-03T14:18:51.979000+00:00,16,39,-98,12299,1936
2023-09-03T14:18:52.239000+00:00,16,39,34,12567,1937
2023-09-03T14:18:52.640000+00:00,16,39,150,12759,1936
2023-09-03T14:18:52.900000+00:00,16,39,289,12957,1937
2023-09-03T14:18:53.320000+00:00,16,39,501,13202,1938
2023-09-03T14:18:53.520000+00:00,16,39,646,13340,1938
2023-09-03T14:18:53.840000+00:00,16,39,826,13490,1939
2023-09-03T14:18:54.060000+00:00,16,39,976,13600,1940
2023-09-03T14:18:54.180000+00:00,16,39,1060,13656,1940
2023-09-03T14:18:54.479000+00:00,16,39,1278,13787,1941
2023-09-03T14:18:54.740000+00:00,16,39,1507,13904,1943
2023-09-03T14:18:55.160000+00:00,16,39,1808,14031,1944
2023-09-03T14:18:55.319000+00:00,16,39,1939,14076,1946
2023-09-03T14:18:55.560000+00:00,16,39,2147,14136,1947
2023-09-03T14:18:55.800000+00:00,16,39,2373,14188,1949
2023-09-03T14:18:56.060000+00:00,16,39,2579,14227,1951
2023-09-03T14:18:56.421000+00:00,16,39,2975,14286,1955
2023-09-03T14:18:56.701000+00:00,16,39,3131,14305,1956
2023-09-03T14:18:56.940000+00:00,16,39,3340,14326,1957
2023-09-03T14:18:57.219000+00:00,16,39,3584,14347,1959
2023-09-03T14:18:57.339000+00:00,16,39,3811,14365,1961
2023-09-03T14:18:57.759000+00:00,16,39,4056,14387,1963
2023-09-03T14:18:58.039000+00:00,16,39,4312,14407,1964
2023-09-03T14:18:58.239000+00:00,16,39,4480,14419,1965
2023-09-03T14:18:58.400000+00:00,16,39,4724,14435,1967
2023-09-03T14:18:58.859000+00:00,16,39,5020,14451,1967
2023-09-03T14:18:59.059000+00:00,16,39,5194,14459,1967
2023-09-03T14:18:59.240000+00:00,16,39,5350,14466,1967
2023-09-03T14:18:59.520000+00:00,16,39,5593,14475,1967
2023-09-03T14:18:59.700000+00:00,16,39,5746,14482,1967
2023-09-03T14:18:59.919000+00:00,16,39,5971,14490,1967
2023-09-03T14:19:00.199000+00:00,16,39,6111,14494,1966
2023-09-03T14:19:00.439000+00:00,16,39,6240,14499,1966
2023-09-03T14:19:00.780000+00:00,16,39,6457,14515,1965
2023-09-03T14:19:01.039000+00:00,16,39,6512,14523,1965
2023-09-03T14:19:01.240000+00:00,16,39,6586,14539,1965
2023-09-03T14:19:01.520000+00:00,16,39,6717,14583,1964
2023-09-03T14:19:01.880000+00:00,16,39,6780,14614,1963
2023-09-03T14:19:02.200000+00:00,16,39,6848,14666,1962
2023-09-03T14:19:02.240000+00:00,16,39,6855,14674,1962
2023-09-03T14:19:02.480000+00:00,16,39,6891,14723,1963
2023-09-03T14:19:02.840000+00:00,16,39,6939,14825,1962
2023-09-03T14:19:03.241000+00:00,16,39,6995,14909,1961
2023-09-03T14:19:03.460000+00:00,16,39,7061,14971,1961
2023-09-03T14:19:03.759000+00:00,16,39,7118,15010,1961
2023-09-03T14:19:04.080000+00:00,16,39,7237,15069,1961
2023-09-03T14:19:04.499000+00:00,16,39,7388,15115,1960
2023-09-03T14:19:04.920000+00:00,16,39,7490,15137,1959
2023-09-03T14:19:05.079000+00:00,16,39,7552,15149,1959
2023-09-03T14:19:05.279000+00:00,16,39,7632,15163,1958
2023-09-03T14:19:05.400000+00:00,16,39,7683,15172,1958
2023-09-03T14:19:05.619000+00:00,16,39,7779,15190,1957
2023-09-03T14:19:05.960000+00:00,16,39,8004,15248,1956
2023-09-03T14:19:06.240000+00:00,16,39,8073,15269,1955
2023-09-03T14:19:06.580000+00:00,16,39,8250,15323,1955
2023-09-03T14:19:06.739000+00:00,16,39,8412,15373,1953
2023-09-03T14:19:07.100000+00:00,16,39,8535,15415,1953
2023-09-03T14:19:07.259000+00:00,16,39,8627,15449,1953
2023-09-03T14:19:07.539000+00:00,16,39,8790,15513,1952
2023-09-03T14:19:07.760000+00:00,16,39,8921,15564,1951
2023-09-03T14:19:08.060000+00:00,16,39,9116,15636,1950
2023-09-03T14:19:08.460000+00:00,16,39,9354,15717,1950
2023-09-03T14:19:08.620000+00:00,16,39,9456,15751,1950
2023-09-03T14:19:08.780000+00:00,16,39,9557,15785,1950
2023-09-03T14:19:09.020000+00:00,16,39,9701,15829,1948
2023-09-03T14:19:09.200000+00:00,16,39,9820,15860,1945
2023-09-03T14:19:09.420000+00:00,16,39,9939,15878,1944
2023-09-03T14:19:09.640000+00:00,16,39,10055,15882,1942
2023-09-03T14:19:09.880000+00:00,16,39,10226,15862,1941
2023-09-03T14:19:10.300000+00:00,16,39,10374,15816,1939
2023-09-03T14:19:10.459000+00:00,16,39,10443,15783,1938
2023-09-03T14:19:10.659000+00:00,16,39,10522,15733,1938
2023-09-03T14:19:10.959000+00:00,16,39,10652,15619,1938
2023-09-03T14:19:11.339000+00:00,16,39,10735,15511,1937
2023-09-03T14:19:11.559000+00:00,16,39,10794,15404,1936
2023-09-03T14:19:11.919000+00:00,16,39,10849,15261,1937
2023-09-03T14:19:12.860000+00:00,16,39,10935,14781,1935
2023-09-03T14:19:13.080000+00:00,16,39,10947,14656,1935
2023-09-03T14:19:13.340000+00:00,16,39,10959,14503,1933
2023-09-03T14:19:13.539000+00:00,16,39,10972,14309,1933
2023-09-03T14:19:13.880000+00:00,16,39,10981,14171,1933
2023-09-03T14:19:14.040000+00:00,16,39,10988,14070,1933
2023-09-03T14:19:14.339000+00:00,16,39,11003,13877,1933
2023-09-03T14:19:14.460000+00:00,16,39,11010,13802,1933
2023-09-03T14:19:14.720000+00:00,16,39,11036,13529,1933
2023-09-03T14:19:15.240000+00:00,16,39,11058,13282,1933
2023-09-03T14:19:15.420000+00:00,16,39,11065,13179,1933
2023-09-03T14:19:15.620000+00:00,16,39,11066,13009,1932
2023-09-03T14:19:15.960000+00:00,16,39,11056,12901,1930
2023-09-03T14:19:16.120000+00:00,16,39,11042,12828,1929
2023-09-03T14:19:16.380000+00:00,16,39,11005,12717,1928
2023-09-03T14:19:16.540000+00:00,16,39,10973,12655,1928
2023-09-03T14:19:16.841000+00:00,16,39,10861,12510,1929
2023-09-03T14:19:17.259000+00:00,16,39,10760,12425,1930
2023-09-03T14:19:17.339000+00:00,16,39,10731,12405,1930
2023-09-03T14:19:17.539000+00:00,16,39,10654,12355,1930
2023-09-03T14:19:17.759000+00:00,16,39,10563,12303,1929
2023-09-03T14:19:18.039000+00:00,16,39,10374,12206,1927
2023-09-03T14:19:18.399000+00:00,16,39,10267,12153,1926
2023-09-03T14:19:18.699000+00:00,16,39,10053,12044,1925
2023-09-03T14:19:19.060000+00:00,16,39,9926,11976,1924
2023-09-03T14:19:19.340000+00:00,16,39,9773,11893,1925
2023-09-03T14:19:19.539000+00:00,16,39,9582,11790,1925
2023-09-03T14:19:19.960000+00:00,16,39,9396,11691,1925
2023-09-03T14:19:20.140000+00:00,16,39,9289,11632,1924
2023-09-03T14:19:20.400000+00:00,16,39,9132,11543,1925
2023-09-03T14:19:20.599000+00:00,16,39,9008,11472,1924
2023-09-03T14:19:20.820000+00:00,16,39,8870,11392,1924
2023-09-03T14:19:21.040000+00:00,16,39,8702,11298,1925
2023-09-03T14:19:21.460000+00:00,16,39,8453,11158,1925
2023-09-03T14:19:21.640000+00:00,16,39,8332,11090,1925
2023-09-03T14:19:21.800000+00:00,16,39,8223,11028,1925
2023-09-03T14:19:21.960000+00:00,16,39,8114,10966,1926
2023-09-03T14:19:22.160000+00:00,16,39,7976,10886,1926
2023-09-03T14:19:22.400000+00:00,16,39,7811,10787,1927
2023-09-03T14:19:22.700000+00:00,16,39,7606,10654,1927
2023-09-03T14:19:22.880000+00:00,16,39,7415,10517,1927
2023-09-03T14:19:23.260000+00:00,16,39,7231,10370,1926
2023-09-03T14:19:23.519000+00:00,16,39,7060,10230,1923
2023-09-03T14:19:23.640000+00:00,16,39,6981,10166,1921
2023-09-03T14:19:23.920000+00:00,16,39,6798,10012,1916
2023-09-03T14:19:24.079000+00:00,16,39,6616,9852,1910
2023-09-03T14:19:24.500000+00:00,16,39,6418,9681,1904
2023-09-03T14:19:24.699000+00:00,16,39,6219,9508,1898
2023-09-03T14:19:25.179000+00:00,16,39,5965,9286,1890
2023-09-03T14:19:25.360000+00:00,16,39,5804,9146,1885
2023-09-03T14:19:25.680000+00:00,16,39,5628,8993,1880
2023-09-03T14:19:25.900000+00:00,16,39,5478,8863,1876
2023-09-03T14:19:26.220000+00:00,16,39,5258,8672,1877
2023-09-03T14:19:26.380000+00:00,16,39,5078,8515,1876
2023-09-03T14:19:26.820000+00:00,16,39,4745,8226,1880
2023-09-03T14:19:27.119000+00:00,16,39,4633,8129,1883
2023-09-03T14:19:27.340000+00:00,16,39,4479,7995,1885
2023-09-03T14:19:27.660000+00:00,16,39,4280,7822,1890
2023-09-03T14:19:27.800000+00:00,16,39,4168,7724,1893
2023-09-03T14:19:28.100000+00:00,16,39,3956,7541,1898
2023-09-03T14:19:28.280000+00:00,16,39,3830,7430,1896
2023-09-03T14:19:28.480000+00:00,16,39,3631,7258,1903
2023-09-03T14:19:28.900000+00:00,16,39,3391,7049,1906
2023-09-03T14:19:29.101000+00:00,16,39,3260,6935,1907
2023-09-03T14:19:29.340000+00:00,16,39,3117,6811,1908
2023-09-03T14:19:29.520000+00:00,16,39,3010,6717,1909
2023-09-03T14:19:29.680000+00:00,16,39,2933,6648,1909
2023-09-03T14:19:29.820000+00:00,16,39,2870,6590,1909
2023-09-03T14:19:30.079000+00:00,16,39,2764,6488,1909
2023-09-03T14:19:30.319000+00:00,16,39,2644,6348,1909
2023-09-03T14:19:30.619000+00:00,16,39,2608,6285,1908
2023-09-03T14:19:30.879000+00:00,16,39,2567,6175,1907
2023-09-03T14:19:31.139000+00:00,16,39,2546,6012,1906
2023-09-03T14:19:31.560000+00:00,16,39,2546,5793,1906
2023-09-03T14:19:31.959000+00:00,16,39,2543,5642,1905
2023-09-03T14:19:32.180000+00:00,16,39,2535,5528,1905
2023-09-03T14:19:32.339000+00:00,16,39,2523,5445,1904
2023-09-03T14:19:32.539000+00:00,16,39,2499,5343,1903
2023-09-03T14:19:32.799000+00:00,16,39,2453,5210,1902
2023-09-03T14:19:32.859000+00:00,16,39,2440,5180,1902
2023-09-03T14:19:33.200000+00:00,16,39,2353,5014,1901
2023-09-03T14:19:33.399000+00:00,16,39,2235,4860,1899
2023-09-03T14:19:33.820000+00:00,16,39,2075,4695,1899
2023-09-03T14:19:34.219000+00:00,16,39,1910,4483,1898
2023-09-03T14:19:34.580000+00:00,16,39,1850,4357,1898
2023-09-03T14:19:34.779000+00:00,16,39,1809,4231,1897
2023-09-03T14:19:35+00:00,16,39,1775,4088,1897
2023-09-03T14:19:35.280000+00:00,16,39,1744,3899,1896
2023-09-03T14:19:35.440000+00:00,16,39,1732,3786,1896
2023-09-03T14:19:35.720000+00:00,16,39,1715,3586,1894
2023-09-03T14:19:35.840000+00:00,16,39,1707,3500,1894
2023-09-03T14:19:36.100000+00:00,16,39,1689,3311,1893
2023-09-03T14:19:36.340000+00:00,16,39,1671,3134,1893
2023-09-03T14:19:36.520000+00:00,16,39,1654,2954,1891
2023-09-03T14:19:36.779000+00:00,16,39,1636,2757,1890
2023-09-03T14:19:36.899000+00:00,16,39,1628,2665,1890
2023-09-03T14:19:37.099000+00:00,16,39,1614,2511,1888
2023-09-03T14:19:37.300000+00:00,16,39,1600,2354,1887
2023-09-03T14:19:37.540000+00:00,16,39,1572,2054,1885
2023-09-03T14:19:37.999000+00:00,16,39,1539,1697,1883
2023-09-03T14:19:38.319000+00:00,16,39,1524,1534,1882
2023-09-03T14:19:38.620000+00:00,16,39,1492,1185,1880
2023-09-03T14:19:39.079000+00:00,16,39,1462,858,1878
2023-09-03T14:19:39.480000+00:00,16,39,1426,466,1875
2023-09-03T14:19:39.740000+00:00,16,39,1413,329,1875
2023-09-03T14:19:39.959000+00:00,16,39,1396,139,1874
2023-09-03T14:19:40.300000+00:00,16,39,1359,-261,1871
2023-09-03T14:19:40.580000+00:00,16,39,1346,-401,1871
2023-09-03T14:19:40.960000+00:00,16,39,1316,-734,1868
2023-09-03T14:19:41.080000+00:00,16,39,1306,-840,1868
2023-09-03T14:19:41.360000+00:00,16,39,1273,-1194,1866
2023-09-03T14:19:41.601000+00:00,16,39,1264,-1300,1865
2023-09-03T14:19:41.881000+00:00,16,39,1241,-1549,1864
2023-09-03T14:19:42.180000+00:00,16,39,1211,-1871,1863
2023-09-03T14:19:42.441000+00:00,16,39,1195,-2051,1862
2023-09-03T14:19:42.660000+00:00,16,39,1176,-2249,1860
2023-09-03T14:19:42.860000+00:00,16,39,1160,-2429,1859
2023-09-03T14:19:43.120000+00:00,16,39,1138,-2664,1858
2023-09-03T14:19:43.300000+00:00,16,39,1123,-2827,1857
2023-09-03T14:19:43.599000+00:00,16,39,1098,-3101,1855
2023-09-03T14:19:43.759000+00:00,16,39,1085,-3247,1855
2023-09-03T14:19:43.899000+00:00,16,39,1073,-3375,1854
2023-09-03T14:19:44.179000+00:00,16,39,1049,-3632,1852
2023-09-03T14:19:44.459000+00:00,16,39,1020,-3927,1852
2023-09-03T14:19:44.839000+00:00,16,39,989,-4241,1849
2023-09-03T14:19:45.019000+00:00,16,39,970,-4407,1849
2023-09-03T14:19:45.260000+00:00,16,39,943,-4615,1849
2023-09-03T14:19:45.520000+00:00,16,39,911,-4813,1848
2023-09-03T14:19:45.720000+00:00,16,39,865,-5026,1846
2023-09-03T14:19:45.960000+00:00,16,39,841,-5112,1846
2023-09-03T14:19:46.280000+00:00,16,39,778,-5291,1844
2023-09-03T14:19:46.500000+00:00,16,39,724,-5400,1843
2023-09-03T14:19:46.759000+00:00,16,39,647,-5514,1843
2023-09-03T14:19:46.940000+00:00,16,39,583,-5582,1843
2023-09-03T14:19:47.140000+00:00,16,39,504,-5649,1843
2023-09-03T14:19:47.400000+00:00,16,39,374,-5727,1843
2023-09-03T14:19:47.660000+00:00,16,39,272,-5766,1843
2023-09-03T14:19:47.980000+00:00,16,39,114,-5797,1843
2023-09-03T14:19:48.060000+00:00,16,39,74,-5800,1843
2023-09-03T14:19:48.420000+00:00,16,39,-110,-5790,1843
2023-09-03T14:19:48.620000+00:00,16,39,-285,-5748,1844
2023-09-03T14:19:48.961000+00:00,16,39,-386,-5710,1844
2023-09-03T14:19:49.241000+00:00,16,39,-568,-5616,1845
2023-09-03T14:19:49.420000+00:00,16,39,-717,-5508,1845
2023-09-03T14:19:49.740000+00:00,16,39,-797,-5437,1845
2023-09-03T14:19:49.979000+00:00,16,39,-898,-5332,1846
2023-09-03T14:19:50.299000+00:00,16,39,-1074,-5099,1846
2023-09-03T14:19:50.660000+00:00,16,39,-1179,-4916,1848
2023-09-03T14:19:51.019000+00:00,16,39,-1254,-4755,1849
2023-09-03T14:19:51.279000+00:00,16,39,-1318,-4586,1850
2023-09-03T14:19:51.480000+00:00,16,39,-1361,-4452,1851
2023-09-03T14:19:51.639000+00:00,16,39,-1390,-4342,1851
2023-09-03T14:19:51.899000+00:00,16,39,-1431,-4158,1853
2023-09-03T14:19:51.960000+00:00,16,39,-1438,-4114,1853
2023-09-03T14:19:52.340000+00:00,16,39,-1484,-3730,1855
2023-09-03T14:19:52.739000+00:00,16,39,-1494,-3531,1856
2023-09-03T14:19:52.979000+00:00,16,39,-1498,-3344,1857
2023-09-03T14:19:53.180000+00:00,16,39,-1499,-3076,1858
2023-09-03T14:19:53.500000+00:00,16,39,-1498,-2933,1859
2023-09-03T14:19:53.760000+00:00,16,39,-1494,-2723,1861
2023-09-03T14:19:53.980000+00:00,16,39,-1490,-2556,1861
2023-09-03T14:19:54.220000+00:00,16,39,-1483,-2358,1862
2023-09-03T14:19:54.379000+00:00,16,39,-1478,-2226,1863
2023-09-03T14:19:54.540000+00:00,16,39,-1472,-2092,1864
2023-09-03T14:19:54.800000+00:00,16,39,-1460,-1874,1866
2023-09-03T14:19:54.900000+00:00,16,39,-1455,-1790,1866
2023-09-03T14:19:55.221000+00:00,16,39,-1438,-1519,1868
2023-09-03T14:19:55.481000+00:00,16,39,-1415,-1196,1869
2023-09-03T14:19:55.761000+00:00,16,39,-1404,-1058,1870
2023-09-03T14:19:56.061000+00:00,16,39,-1386,-825,1871
