date,driver_number,lap_number,x,y,z
2023-07-30T14:02:24.295000+00:00,1,32,-537,1462,4140
2023-07-30T14:02:24.475000+00:00,1,32,-602,1560,4143
2023-07-30T14:02:24.635000+00:00,1,32,-661,1648,4145
2023-07-30T14:02:24.856000+00:00,1,32,-743,1772,4147
2023-07-30T14:02:25.076000+00:00,1,32,-826,1898,4150
2023-07-30T14:02:25.256000+00:00,1,32,-895,2001,4153
2023-07-30T14:02:25.596000+00:00,1,32,-1073,2270,4159
2023-07-30T14:02:25.996000+00:00,1,32,-1206,2472,4163
2023-07-30T14:02:26.356000+00:00,1,32,-1325,2651,4167
2023-07-30T14:02:26.576000+00:00,1,32,-1413,2784,4171
2023-07-30T14:02:26.796000+00:00,1,32,-1526,2954,4175
2023-07-30T14:02:27.136000+00:00,1,32,-1638,3124,4178
2023-07-30T14:02:27.456000+00:00,1,32,-1765,3315,4184
2023-07-30T14:02:27.576000+00:00,1,32,-1811,3385,4186
2023-07-30T14:02:27.756000+00:00,1,32,-1879,3487,4191
2023-07-30T14:02:28.036000+00:00,1,32,-1975,3633,4198
2023-07-30T14:02:28.256000+00:00,1,32,-2076,3787,4206
2023-07-30T14:02:28.576000+00:00,1,32,-2143,3895,4211
2023-07-30T14:02:28.896000+00:00,1,32,-2212,4016,4217
2023-07-30T14:02:29.076000+00:00,1,32,-2264,4124,4221
2023-07-30T14:02:29.356000+00:00,1,32,-2280,4168,4222
2023-07-30T14:02:29.536000+00:00,1,32,-2296,4222,4223
2023-07-30T14:02:29.776000+00:00,1,32,-2307,4289,4223
2023-07-30T14:02:29.936000+00:00,1,32,-2309,4332,4223
2023-07-30T14:02:30.296000+00:00,1,32,-2295,4420,4218
2023-07-30T14:02:30.356000+00:00,1,32,-2291,4433,4218
2023-07-30T14:02:30.596000+00:00,1,32,-2264,4479,4219
2023-07-30T14:02:30.955000+00:00,1,32,-2197,4531,4218
2023-07-30T14:02:31.376000+00:00,1,32,-2120,4549,4216
2023-07-30T14:02:31.396000+00:00,1,32,-2116,4549,4216
2023-07-30T14:02:31.756000+00:00,1,32,-2039,4541,4212
2023-07-30T14:02:31.976000+00:00,1,32,-1978,4527,4208
2023-07-30T14:02:32.296000+00:00,1,32,-1919,4508,4207
2023-07-30T14:02:32.496000+00:00,1,32,-1873,4492,4204
2023-07-30T14:02:32.696000+00:00,1,32,-1788,4458,4198
2023-07-30T14:02:33.136000+00:00,1,32,-1709,4423,4195
2023-07-30T14:02:33.396000+00:00,1,32,-1632,4386,4188
2023-07-30T14:02:33.576000+00:00,1,32,-1574,4357,4184
2023-07-30T14:02:33.736000+00:00,1,32,-1519,4329,4180
2023-07-30T14:02:33.896000+00:00,1,32,-1463,4301,4175
2023-07-30T14:02:34.096000+00:00,1,32,-1386,4261,4169
2023-07-30T14:02:34.316000+00:00,1,32,-1297,4215,4163
2023-07-30T14:02:34.656000+00:00,1,32,-1054,4092,4145
2023-07-30T14:02:35.076000+00:00,1,32,-910,4018,4134
2023-07-30T14:02:35.276000+00:00,1,32,-810,3966,4127
2023-07-30T14:02:35.456000+00:00,1,32,-717,3916,4120
2023-07-30T14:02:35.676000+00:00,1,32,-526,3810,4106
2023-07-30T14:02:36.016000+00:00,1,32,-343,3699,4092
2023-07-30T14:02:36.396000+00:00,1,32,-210,3613,4082
2023-07-30T14:02:36.696000+00:00,1,32,-43,3497,4069
2023-07-30T14:02:36.856000+00:00,1,32,45,3431,4063
2023-07-30T14:02:37.096000+00:00,1,32,258,3267,4048
2023-07-30T14:02:37.416000+00:00,1,32,359,3185,4042
2023-07-30T14:02:37.595000+00:00,1,32,460,3100,4035
2023-07-30T14:02:37.936000+00:00,1,32,645,2929,4025
2023-07-30T14:02:38.196000+00:00,1,32,807,2769,4012
2023-07-30T14:02:38.616000+00:00,1,32,1012,2558,3997
2023-07-30T14:02:38.696000+00:00,1,32,1056,2513,3994
2023-07-30T14:02:38.876000+00:00,1,32,1147,2419,3988
2023-07-30T14:02:39.216000+00:00,1,32,1332,2224,3973
2023-07-30T14:02:39.416000+00:00,1,32,1509,2036,3961
2023-07-30T14:02:39.696000+00:00,1,32,1598,1941,3953
2023-07-30T14:02:39.916000+00:00,1,32,1720,1810,3945
2023-07-30T14:02:40.276000+00:00,1,32,1922,1592,3931
2023-07-30T14:02:41.156000+00:00,1,32,2480,968,3895
2023-07-30T14:02:41.396000+00:00,1,32,2549,893,3892
2023-07-30T14:02:41.656000+00:00,1,32,2701,737,3887
2023-07-30T14:02:41.876000+00:00,1,32,2838,616,3886
2023-07-30T14:02:42.116000+00:00,1,32,2999,510,3890
2023-07-30T14:02:42.356000+00:00,1,32,3302,365,3913
2023-07-30T14:02:42.756000+00:00,1,32,3473,248,3938
2023-07-30T14:02:42.916000+00:00,1,32,3636,82,3970
2023-07-30T14:02:43.416000+00:00,1,32,3782,-162,4012
2023-07-30T14:02:43.476000+00:00,1,32,3802,-205,4018
2023-07-30T14:02:43.756000+00:00,1,32,3911,-500,4061
2023-07-30T14:02:44.115000+00:00,1,32,3951,-683,4082
2023-07-30T14:02:44.335000+00:00,1,32,3977,-857,4099
2023-07-30T14:02:44.536000+00:00,1,32,4005,-1011,4112
2023-07-30T14:02:44.796000+00:00,1,32,4073,-1221,4128
2023-07-30T14:02:44.956000+00:00,1,32,4129,-1338,4135
2023-07-30T14:02:45.276000+00:00,1,32,4299,-1632,4152
2023-07-30T14:02:45.656000+00:00,1,32,4429,-1835,4162
2023-07-30T14:02:45.956000+00:00,1,32,4623,-2112,4177
2023-07-30T14:02:46.196000+00:00,1,32,4683,-2189,4181
2023-07-30T14:02:46.576000+00:00,1,32,4869,-2436,4195
2023-07-30T14:02:46.756000+00:00,1,32,4957,-2555,4202
2023-07-30T14:02:46.956000+00:00,1,32,5102,-2753,4213
2023-07-30T14:02:47.296000+00:00,1,32,5218,-2913,4223
2023-07-30T14:02:47.516000+00:00,1,32,5324,-3062,4231
2023-07-30T14:02:47.716000+00:00,1,32,5417,-3199,4237
2023-07-30T14:02:47.916000+00:00,1,32,5509,-3338,4246
2023-07-30T14:02:48.176000+00:00,1,32,5662,-3587,4259
2023-07-30T14:02:48.576000+00:00,1,32,5781,-3805,4270
2023-07-30T14:02:48.676000+00:00,1,32,5819,-3879,4273
2023-07-30T14:02:48.916000+00:00,1,32,5906,-4062,4282
2023-07-30T14:02:49.236000+00:00,1,32,6010,-4311,4296
2023-07-30T14:02:49.476000+00:00,1,32,6078,-4501,4306
2023-07-30T14:02:49.656000+00:00,1,32,6127,-4646,4313
2023-07-30T14:02:49.736000+00:00,1,32,6148,-4710,4315
2023-07-30T14:02:49.916000+00:00,1,32,6196,-4854,4322
2023-07-30T14:02:50.236000+00:00,1,32,6319,-5224,4339
2023-07-30T14:02:50.615000+00:00,1,32,6383,-5418,4348
2023-07-30T14:02:50.915000+00:00,1,32,6464,-5660,4359
2023-07-30T14:02:51.136000+00:00,1,32,6545,-5903,4371
2023-07-30T14:02:51.556000+00:00,1,32,6636,-6178,4385
2023-07-30T14:02:51.716000+00:00,1,32,6679,-6308,4391
2023-07-30T14:02:51.896000+00:00,1,32,6728,-6454,4397
2023-07-30T14:02:52.156000+00:00,1,32,6809,-6698,4409
2023-07-30T14:02:52.496000+00:00,1,32,6891,-6942,4420
2023-07-30T14:02:52.796000+00:00,1,32,6973,-7186,4433
2023-07-30T14:02:53.536000+00:00,1,32,7215,-7904,4468
2023-07-30T14:02:54.036000+00:00,1,32,7315,-8199,4482
2023-07-30T14:02:54.196000+00:00,1,32,7359,-8331,4488
2023-07-30T14:02:54.456000+00:00,1,32,7458,-8625,4502
2023-07-30T14:02:54.876000+00:00,1,32,7562,-8934,4517
2023-07-30T14:02:55.256000+00:00,1,32,7649,-9193,4529
2023-07-30T14:02:55.496000+00:00,1,32,7753,-9499,4544
2023-07-30T14:02:55.796000+00:00,1,32,7794,-9623,4550
2023-07-30T14:02:56.036000+00:00,1,32,7859,-9816,4560
2023-07-30T14:02:56.216000+00:00,1,32,7907,-9964,4567
2023-07-30T14:02:56.536000+00:00,1,32,8012,-10282,4583
2023-07-30T14:02:56.936000+00:00,1,32,8132,-10632,4597
2023-07-30T14:02:57.315000+00:00,1,32,8188,-10800,4607
2023-07-30T14:02:57.475000+00:00,1,32,8221,-10904,4612
2023-07-30T14:02:57.716000+00:00,1,32,8262,-11045,4618
2023-07-30T14:02:57.816000+00:00,1,32,8276,-11100,4621
2023-07-30T14:02:58.136000+00:00,1,32,8307,-11264,4627
2023-07-30T14:02:58.296000+00:00,1,32,8313,-11338,4629
2023-07-30T14:02:58.576000+00:00,1,32,8307,-11460,4635
2023-07-30T14:02:58.816000+00:00,1,32,8284,-11557,4638
2023-07-30T14:02:58.916000+00:00,1,32,8269,-11597,4639
2023-07-30T14:02:59.076000+00:00,1,32,8240,-11655,4642
2023-07-30T14:02:59.436000+00:00,1,32,8154,-11776,4649
2023-07-30T14:02:59.596000+00:00,1,32,8077,-11860,4653
2023-07-30T14:02:59.996000+00:00,1,32,7963,-11979,4657
2023-07-30T14:03:00.456000+00:00,1,32,7875,-12091,4660
2023-07-30T14:03:00.616000+00:00,1,32,7843,-12148,4662
2023-07-30T14:03:00.856000+00:00,1,32,7811,-12239,4664
2023-07-30T14:03:01.116000+00:00,1,32,7793,-12345,4666
2023-07-30T14:03:01.336000+00:00,1,32,7791,-12446,4669
2023-07-30T14:03:01.656000+00:00,1,32,7807,-12572,4672
2023-07-30T14:03:01.836000+00:00,1,32,7825,-12648,4673
2023-07-30T14:03:02.016000+00:00,1,32,7848,-12724,4674
2023-07-30T14:03:02.356000+00:00,1,32,7914,-12907,4676
2023-07-30T14:03:02.796000+00:00,1,32,7976,-13074,4678
2023-07-30T14:03:02.896000+00:00,1,32,8013,-13191,4679
2023-07-30T14:03:03.256000+00:00,1,32,8037,-13302,4679
2023-07-30T14:03:03.576000+00:00,1,32,8045,-13465,4677
2023-07-30T14:03:03.755000+00:00,1,32,8031,-13566,4677
2023-07-30T14:03:03.995000+00:00,1,32,7996,-13686,4675
2023-07-30T14:03:04.155000+00:00,1,32,7938,-13811,4674
2023-07-30T14:03:04.536000+00:00,1,32,7855,-13939,4674
2023-07-30T14:03:04.836000+00:00,1,32,7741,-14063,4673
2023-07-30T14:03:04.956000+00:00,1,32,7688,-14108,4672
2023-07-30T14:03:05.236000+00:00,1,32,7553,-14206,4668
2023-07-30T14:03:05.476000+00:00,1,32,7431,-14289,4664
2023-07-30T14:03:05.656000+00:00,1,32,7337,-14352,4661
2023-07-30T14:03:05.916000+00:00,1,32,7200,-14445,4656
2023-07-30T14:03:05.956000+00:00,1,32,7178,-14459,4655
2023-07-30T14:03:06.316000+00:00,1,32,6985,-14595,4647
2023-07-30T14:03:06.516000+00:00,1,32,6878,-14673,4642
2023-07-30T14:03:06.736000+00:00,1,32,6726,-14786,4635
2023-07-30T14:03:07.076000+00:00,1,32,6556,-14914,4626
2023-07-30T14:03:07.336000+00:00,1,32,6413,-15024,4617
2023-07-30T14:03:07.536000+00:00,1,32,6301,-15111,4610
2023-07-30T14:03:07.756000+00:00,1,32,6178,-15206,4603
2023-07-30T14:03:07.976000+00:00,1,32,6054,-15303,4595
2023-07-30T14:03:08.236000+00:00,1,32,5886,-15433,4583
2023-07-30T14:03:08.536000+00:00,1,32,5742,-15531,4571
2023-07-30T14:03:08.696000+00:00,1,32,5658,-15582,4564
2023-07-30T14:03:08.916000+00:00,1,32,5549,-15645,4554
2023-07-30T14:03:09.196000+00:00,1,32,5420,-15711,4545
2023-07-30T14:03:09.376000+00:00,1,32,5292,-15759,4536
2023-07-30T14:03:09.876000+00:00,1,32,5106,-15763,4522
2023-07-30T14:03:10.116000+00:00,1,32,5045,-15749,4517
2023-07-30T14:03:10.455000+00:00,1,32,4891,-15665,4504
2023-07-30T14:03:10.775000+00:00,1,32,4860,-15635,4504
2023-07-30T14:03:11.116000+00:00,1,32,4807,-15573,4494
2023-07-30T14:03:11.176000+00:00,1,32,4795,-15557,4492
2023-07-30T14:03:11.456000+00:00,1,32,4752,-15478,4484
2023-07-30T14:03:11.736000+00:00,1,32,4726,-15391,4478
2023-07-30T14:03:11.896000+00:00,1,32,4720,-15339,4476
2023-07-30T14:03:12.476000+00:00,1,32,4747,-15145,4460
2023-07-30T14:03:12.856000+00:00,1,32,4837,-14974,4444
2023-07-30T14:03:13.196000+00:00,1,32,4916,-14881,4438
2023-07-30T14:03:13.496000+00:00,1,32,4981,-14822,4433
2023-07-30T14:03:13.716000+00:00,1,32,5059,-14760,4427
2023-07-30T14:03:13.916000+00:00,1,32,5134,-14705,4419
2023-07-30T14:03:14.136000+00:00,1,32,5223,-14649,4412
2023-07-30T14:03:14.396000+00:00,1,32,5338,-14583,4401
2023-07-30T14:03:14.596000+00:00,1,32,5433,-14533,4393
2023-07-30T14:03:14.756000+00:00,1,32,5511,-14493,4387
2023-07-30T14:03:14.936000+00:00,1,32,5599,-14445,4380
2023-07-30T14:03:15.236000+00:00,1,32,5746,-14357,4369
2023-07-30T14:03:15.496000+00:00,1,32,5918,-14218,4352
2023-07-30T14:03:15.876000+00:00,1,32,6037,-14070,4340
2023-07-30T14:03:16.316000+00:00,1,32,6118,-13848,4323
2023-07-30T14:03:16.616000+00:00,1,32,6127,-13764,4319
2023-07-30T14:03:16.836000+00:00,1,32,6124,-13645,4310
2023-07-30T14:03:17.195000+00:00,1,32,6074,-13399,4296
2023-07-30T14:03:17.456000+00:00,1,32,6040,-13297,4290
2023-07-30T14:03:17.656000+00:00,1,32,5996,-13184,4279
2023-07-30T14:03:18.016000+00:00,1,32,5908,-12976,4260
2023-07-30T14:03:18.256000+00:00,1,32,5838,-12810,4246
2023-07-30T14:03:18.656000+00:00,1,32,5690,-12441,4218
2023-07-30T14:03:19.016000+00:00,1,32,5637,-12298,4208
2023-07-30T14:03:19.276000+00:00,1,32,5581,-12124,4195
2023-07-30T14:03:19.456000+00:00,1,32,5521,-11916,4179
2023-07-30T14:03:19.816000+00:00,1,32,5477,-11745,4167
2023-07-30T14:03:19.996000+00:00,1,32,5444,-11615,4157
2023-07-30T14:03:20.216000+00:00,1,32,5382,-11352,4139
2023-07-30T14:03:20.716000+00:00,1,32,5306,-11005,4115
2023-07-30T14:03:21.076000+00:00,1,32,5264,-10807,4101
2023-07-30T14:03:21.296000+00:00,1,32,5228,-10637,4089
2023-07-30T14:03:21.496000+00:00,1,32,5196,-10483,4078
2023-07-30T14:03:21.796000+00:00,1,32,5122,-10141,4053
2023-07-30T14:03:22.136000+00:00,1,32,5088,-9985,4043
2023-07-30T14:03:22.316000+00:00,1,32,5032,-9734,4025
2023-07-30T14:03:22.756000+00:00,1,32,4975,-9500,4008
2023-07-30T14:03:22.996000+00:00,1,32,4893,-9265,3990
2023-07-30T14:03:23.356000+00:00,1,32,4797,-9080,3974
2023-07-30T14:03:23.555000+00:00,1,32,4667,-8907,3958
2023-07-30T14:03:24.036000+00:00,1,32,4459,-8726,3942
2023-07-30T14:03:24.236000+00:00,1,32,4336,-8652,3933
2023-07-30T14:03:24.376000+00:00,1,32,4247,-8610,3926
2023-07-30T14:03:24.536000+00:00,1,32,4139,-8577,3919
2023-07-30T14:03:24.796000+00:00,1,32,3943,-8550,3906
2023-07-30T14:03:25.036000+00:00,1,32,3715,-8538,3890
2023-07-30T14:03:25.296000+00:00,1,32,3565,-8535,3879
2023-07-30T14:03:25.536000+00:00,1,32,3385,-8540,3867
2023-07-30T14:03:25.896000+00:00,1,32,3049,-8602,3843
2023-07-30T14:03:26.156000+00:00,1,32,2935,-8649,3834
2023-07-30T14:03:26.456000+00:00,1,32,2726,-8765,3819
2023-07-30T14:03:26.656000+00:00,1,32,2581,-8869,3810
2023-07-30T14:03:26.836000+00:00,1,32,2395,-9037,3797
2023-07-30T14:03:27.256000+00:00,1,32,2252,-9203,3787
2023-07-30T14:03:27.396000+00:00,1,32,2188,-9293,3783
2023-07-30T14:03:27.656000+00:00,1,32,2079,-9467,3777
2023-07-30T14:03:27.976000+00:00,1,32,1937,-9769,3767
2023-07-30T14:03:28.316000+00:00,1,32,1870,-9946,3762
2023-07-30T14:03:28.496000+00:00,1,32,1826,-10082,3758
2023-07-30T14:03:28.716000+00:00,1,32,1774,-10249,3754
2023-07-30T14:03:28.876000+00:00,1,32,1736,-10370,3751
2023-07-30T14:03:29.076000+00:00,1,32,1688,-10520,3749
2023-07-30T14:03:29.456000+00:00,1,32,1592,-10820,3746
2023-07-30T14:03:29.716000+00:00,1,32,1534,-11001,3745
2023-07-30T14:03:30.016000+00:00,1,32,1437,-11302,3745
2023-07-30T14:03:30.495000+00:00,1,32,1317,-11677,3748
2023-07-30T14:03:30.756000+00:00,1,32,1278,-11797,3749
2023-07-30T14:03:31.056000+00:00,1,32,1205,-12020,3753
2023-07-30T14:03:31.236000+00:00,1,32,1161,-12150,3753
2023-07-30T14:03:31.356000+00:00,1,32,1130,-12234,3755
2023-07-30T14:03:31.676000+00:00,1,32,1044,-12433,3756
2023-07-30T14:03:31.856000+00:00,1,32,958,-12579,3757
2023-07-30T14:03:32.316000+00:00,1,32,826,-12734,3758
2023-07-30T14:03:32.416000+00:00,1,32,787,-12771,3758
2023-07-30T14:03:32.696000+00:00,1,32,622,-12888,3761
2023-07-30T14:03:32.996000+00:00,1,32,542,-12922,3761
2023-07-30T14:03:33.236000+00:00,1,32,431,-12948,3762
2023-07-30T14:03:33.516000+00:00,1,32,233,-12953,3763
2023-07-30T14:03:33.956000+00:00,1,32,95,-12927,3764
2023-07-30T14:03:34.216000+00:00,1,32,-46,-12867,3766
2023-07-30T14:03:34.576000+00:00,1,32,-174,-12796,3766
2023-07-30T14:03:34.796000+00:00,1,32,-276,-12745,3766
2023-07-30T14:03:34.976000+00:00,1,32,-435,-12688,3766
2023-07-30T14:03:35.276000+00:00,1,32,-518,-12671,3765
2023-07-30T14:03:35.516000+00:00,1,32,-643,-12665,3764
2023-07-30T14:03:35.696000+00:00,1,32,-738,-12674,3763
2023-07-30T14:03:35.876000+00:00,1,32,-832,-12693,3763
2023-07-30T14:03:36.236000+00:00,1,32,-1010,-12763,3761
2023-07-30T14:03:36.416000+00:00,1,32,-1094,-12812,3760
2023-07-30T14:03:36.536000+00:00,1,32,-1147,-12851,3759
2023-07-30T14:03:36.735000+00:00,1,32,-1232,-12926,3758
2023-07-30T14:03:36.975000+00:00,1,32,-1327,-13029,3758
2023-07-30T14:03:37.296000+00:00,1,32,-1442,-13182,3756
2023-07-30T14:03:37.356000+00:00,1,32,-1463,-13212,3756
2023-07-30T14:03:37.676000+00:00,1,32,-1596,-13436,3751
2023-07-30T14:03:38.116000+00:00,1,32,-1706,-13652,3746
2023-07-30T14:03:38.556000+00:00,1,32,-1817,-13888,3740
2023-07-30T14:03:38.716000+00:00,1,32,-1877,-14013,3737
2023-07-30T14:03:38.896000+00:00,1,32,-1968,-14192,3732
2023-07-30T14:03:39.276000+00:00,1,32,-2051,-14343,3728
2023-07-30T14:03:39.576000+00:00,1,32,-2173,-14542,3721
2023-07-30T14:03:39.936000+00:00,1,32,-2266,-14665,3715
2023-07-30T14:03:40.176000+00:00,1,32,-2386,-14775,3708
2023-07-30T14:03:40.536000+00:00,1,32,-2487,-14834,3704
2023-07-30T14:03:40.796000+00:00,1,32,-2635,-14880,3699
2023-07-30T14:03:41.116000+00:00,1,32,-2729,-14882,3696
2023-07-30T14:03:41.396000+00:00,1,32,-2851,-14867,3691
2023-07-30T14:03:41.576000+00:00,1,32,-2928,-14850,3688
2023-07-30T14:03:41.856000+00:00,1,32,-3099,-14788,3682
2023-07-30T14:03:42.276000+00:00,1,32,-3227,-14721,3677
2023-07-30T14:03:43.036000+00:00,1,32,-3541,-14522,3667
2023-07-30T14:03:43.196000+00:00,1,32,-3632,-14457,3666
2023-07-30T14:03:43.495000+00:00,1,32,-3838,-14296,3660
2023-07-30T14:03:43.856000+00:00,1,32,-3938,-14201,3658
2023-07-30T14:03:44.076000+00:00,1,32,-4033,-14098,3656
2023-07-30T14:03:44.316000+00:00,1,32,-4125,-13976,3655
2023-07-30T14:03:44.476000+00:00,1,32,-4181,-13887,3655
2023-07-30T14:03:44.836000+00:00,1,32,-4297,-13624,3657
2023-07-30T14:03:45.156000+00:00,1,32,-4337,-13375,3661
2023-07-30T14:03:45.596000+00:00,1,32,-4330,-13166,3666
2023-07-30T14:03:45.876000+00:00,1,32,-4293,-12916,3674
2023-07-30T14:03:46.176000+00:00,1,32,-4258,-12764,3679
2023-07-30T14:03:46.456000+00:00,1,32,-4199,-12572,3685
2023-07-30T14:03:46.676000+00:00,1,32,-4142,-12422,3690
2023-07-30T14:03:46.856000+00:00,1,32,-4090,-12300,3694
2023-07-30T14:03:47.076000+00:00,1,32,-4017,-12153,3699
2023-07-30T14:03:47.336000+00:00,1,32,-3921,-11982,3706
2023-07-30T14:03:47.556000+00:00,1,32,-3832,-11840,3711
2023-07-30T14:03:47.616000+00:00,1,32,-3807,-11802,3711
2023-07-30T14:03:47.856000+00:00,1,32,-3701,-11650,3718
2023-07-30T14:03:48.076000+00:00,1,32,-3599,-11513,3723
2023-07-30T14:03:48.376000+00:00,1,32,-3451,-11328,3731
2023-07-30T14:03:48.556000+00:00,1,32,-3359,-11219,3735
2023-07-30T14:03:48.676000+00:00,1,32,-3296,-11147,3738
2023-07-30T14:03:48.876000+00:00,1,32,-3188,-11029,3743
2023-07-30T14:03:49.216000+00:00,1,32,-2928,-10763,3755
2023-07-30T14:03:49.636000+00:00,1,32,-2749,-10596,3762
2023-07-30T14:03:49.696000+00:00,1,32,-2713,-10563,3763
2023-07-30T14:03:50.035000+00:00,1,32,-2499,-10382,3771
2023-07-30T14:03:50.195000+00:00,1,32,-2395,-10300,3775
2023-07-30T14:03:50.436000+00:00,1,32,-2136,-10117,3783
2023-07-30T14:03:50.816000+00:00,1,32,-1968,-10008,3787
2023-07-30T14:03:51.056000+00:00,1,32,-1735,-9872,3793
2023-07-30T14:03:51.436000+00:00,1,32,-1515,-9746,3798
2023-07-30T14:03:51.596000+00:00,1,32,-1398,-9678,3802
2023-07-30T14:03:51.916000+00:00,1,32,-1074,-9489,3810
2023-07-30T14:03:52.316000+00:00,1,32,-866,-9370,3814
2023-07-30T14:03:52.476000+00:00,1,32,-747,-9301,3817
2023-07-30T14:03:52.756000+00:00,1,32,-498,-9150,3823
2023-07-30T14:03:53.056000+00:00,1,32,-326,-9036,3827
2023-07-30T14:03:53.276000+00:00,1,32,-175,-8922,3832
2023-07-30T14:03:53.536000+00:00,1,32,-4,-8777,3836
2023-07-30T14:03:53.636000+00:00,1,32,59,-8718,3838
2023-07-30T14:03:53.976000+00:00,1,32,298,-8466,3846
2023-07-30T14:03:54.216000+00:00,1,32,485,-8215,3853
2023-07-30T14:03:54.516000+00:00,1,32,567,-8081,3857
2023-07-30T14:03:54.776000+00:00,1,32,678,-7881,3863
2023-07-30T14:03:54.976000+00:00,1,32,756,-7725,3868
2023-07-30T14:03:55.256000+00:00,1,32,874,-7471,3877
2023-07-30T14:03:55.656000+00:00,1,32,998,-7183,3885
2023-07-30T14:03:55.696000+00:00,1,32,1011,-7151,3886
2023-07-30T14:03:55.976000+00:00,1,32,1103,-6925,3893
2023-07-30T14:03:56.176000+00:00,1,32,1164,-6762,3898
2023-07-30T14:03:56.475000+00:00,1,32,1270,-6430,3906
2023-07-30T14:03:56.835000+00:00,1,32,1327,-6159,3912
2023-07-30T14:03:57.116000+00:00,1,32,1343,-5971,3916
2023-07-30T14:03:57.436000+00:00,1,32,1323,-5620,3926
2023-07-30T14:03:57.836000+00:00,1,32,1261,-5351,3933
2023-07-30T14:03:58.116000+00:00,1,32,1144,-5016,3939
2023-07-30T14:03:58.536000+00:00,1,32,1022,-4710,3943
2023-07-30T14:03:58.796000+00:00,1,32,961,-4565,3945
2023-07-30T14:03:58.996000+00:00,1,32,892,-4406,3946
2023-07-30T14:03:59.196000+00:00,1,32,822,-4247,3948
2023-07-30T14:03:59.476000+00:00,1,32,684,-3929,3954
2023-07-30T14:03:59.856000+00:00,1,32,597,-3722,3958
2023-07-30T14:04:00.116000+00:00,1,32,512,-3515,3963
2023-07-30T14:04:00.316000+00:00,1,32,408,-3242,3971
2023-07-30T14:04:00.776000+00:00,1,32,328,-2982,3980
2023-07-30T14:04:00.876000+00:00,1,32,308,-2898,3983
2023-07-30T14:04:01.116000+00:00,1,32,242,-2597,3993
2023-07-30T14:04:01.516000+00:00,1,32,194,-2364,4002
2023-07-30T14:04:01.676000+00:00,1,32,178,-2284,4005
2023-07-30T14:04:02.016000+00:00,1,32,122,-1977,4017
2023-07-30T14:04:02.276000+00:00,1,32,93,-1805,4024
2023-07-30T14:04:02.596000+00:00,1,32,57,-1576,4032
2023-07-30T14:04:02.776000+00:00,1,32,39,-1461,4036
2023-07-30T14:04:02.996000+00:00,1,32,20,-1332,4041
2023-07-30T14:04:03.215000+00:00,1,32,4,-1211,4046
2023-07-30T14:04:03.456000+00:00,1,32,-10,-1067,4050
2023-07-30T14:04:03.896000+00:00,1,32,-11,-925,4055
2023-07-30T14:04:04.116000+00:00,1,32,-2,-819,4057
2023-07-30T14:04:04.356000+00:00,1,32,4,-779,4058
2023-07-30T14:04:04.736000+00:00,1,32,34,-684,4060
2023-07-30T14:04:04.836000+00:00,1,32,45,-663,4062
2023-07-30T14:04:05.016000+00:00,1,32,69,-628,4066
2023-07-30T14:04:05.176000+00:00,1,32,93,-603,4067
2023-07-30T14:04:05.576000+00:00,1,32,187,-559,4071
2023-07-30T14:04:05.916000+00:00,1,32,236,-553,4072
2023-07-30T14:04:06.076000+00:00,1,32,297,-552,4074
2023-07-30T14:04:06.556000+00:00,1,32,370,-545,4076
2023-07-30T14:04:06.716000+00:00,1,32,405,-537,4077
2023-07-30T14:04:06.996000+00:00,1,32,478,-502,4079
2023-07-30T14:04:07.416000+00:00,1,32,538,-418,4085
2023-07-30T14:04:07.736000+00:00,1,32,549,-375,4087
2023-07-30T14:04:08.016000+00:00,1,32,551,-318,4091
2023-07-30T14:04:08.276000+00:00,1,32,543,-258,4094
2023-07-30T14:04:08.536000+00:00,1,32,533,-215,4096
2023-07-30T14:04:08.796000+00:00,1,32,516,-163,4098
2023-07-30T14:04:08.976000+00:00,1,32,501,-126,4099
2023-07-30T14:04:09.156000+00:00,1,32,483,-87,4100
2023-07-30T14:04:09.376000+00:00,1,32,438,-6,4103
2023-07-30T14:04:09.895000+00:00,1,32,380,86,4106
2023-07-30T14:04:09.935000+00:00,1,32,373,96,4106
2023-07-30T14:04:10.296000+00:00,1,32,291,219,4110
2023-07-30T14:04:10.676000+00:00,1,32,226,313,4113
2023-07-30T14:04:10.816000+00:00,1,32,194,360,4115
2023-07-30T14:04:11.076000+00:00,1,32,94,508,4118
2023-07-30T14:04:11.396000+00:00,1,32,46,580,4121
2023-07-30T14:04:11.716000+00:00,1,32,-43,715,4124
2023-07-30T14:04:11.836000+00:00,1,32,-78,769,4125
2023-07-30T14:04:12.176000+00:00,1,32,-182,926,4129
2023-07-30T14:04:12.356000+00:00,1,32,-260,1042,4131
2023-07-30T14:04:12.796000+00:00,1,32,-386,1234,4135
2023-07-30T14:04:12.936000+00:00,1,32,-435,1307,4137
2023-07-30T14:18:55.876000+00:00,1,41,-474,1366,4138
2023-07-30T14:18:56.116000+00:00,1,41,-574,1517,4142
2023-07-30T14:18:56.336000+00:00,1,41,-640,1616,4144
2023-07-30T14:18:56.736000+00:00,1,41,-843,1923,4150
2023-07-30T14:18:57.076000+00:00,1,41,-919,2039,4153
2023-07-30T14:18:57.236000+00:00,1,41,-981,2132,4156
2023-07-30T14:18:57.456000+00:00,1,41,-1067,2261,4158
2023-07-30T14:18:57.756000+00:00,1,41,-1232,2511,4164
2023-07-30T14:18:58.097000+00:00,1,41,-1320,2643,4167
2023-07-30T14:18:58.337000+00:00,1,41,-1416,2788,4171
2023-07-30T14:18:58.577000+00:00,1,41,-1513,2935,4174
2023-07-30T14:18:58.657000+00:00,1,41,-1545,2984,4175
2023-07-30T14:18:58.877000+00:00,1,41,-1634,3118,4178
2023-07-30T14:18:59.137000+00:00,1,41,-1738,3274,4183
2023-07-30T14:18:59.297000+00:00,1,41,-1800,3368,4186
2023-07-30T14:18:59.476000+00:00,1,41,-1869,3472,4190
2023-07-30T14:18:59.696000+00:00,1,41,-1950,3595,4195
2023-07-30T14:18:59.936000+00:00,1,41,-2059,3761,4205
2023-07-30T14:19:00.236000+00:00,1,41,-2142,3893,4211
2023-07-30T14:19:00.416000+00:00,1,41,-2185,3966,4215
2023-07-30T14:19:00.636000+00:00,1,41,-2229,4049,4218
2023-07-30T14:19:00.756000+00:00,1,41,-2250,4091,4220
2023-07-30T14:19:01.036000+00:00,1,41,-2297,4226,4223
2023-07-30T14:19:01.396000+00:00,1,41,-2309,4328,4223
2023-07-30T14:19:01.856000+00:00,1,41,-2292,4430,4218
2023-07-30T14:19:02.256000+00:00,1,41,-2257,4487,4220
2023-07-30T14:19:02.516000+00:00,1,41,-2214,4522,4220
2023-07-30T14:19:02.736000+00:00,1,41,-2156,4544,4217
2023-07-30T14:19:03.036000+00:00,1,41,-2114,4549,4216
2023-07-30T14:19:03.356000+00:00,1,41,-2052,4543,4213
2023-07-30T14:19:03.596000+00:00,1,41,-2005,4533,4210
2023-07-30T14:19:03.776000+00:00,1,41,-1969,4524,4208
2023-07-30T14:19:03.956000+00:00,1,41,-1933,4513,4207
2023-07-30T14:19:04.176000+00:00,1,41,-1875,4492,4204
2023-07-30T14:19:04.536000+00:00,1,41,-1807,4466,4200
2023-07-30T14:19:04.717000+00:00,1,41,-1764,4447,4197
2023-07-30T14:19:04.997000+00:00,1,41,-1659,4399,4190
2023-07-30T14:19:05.457000+00:00,1,41,-1556,4348,4183
2023-07-30T14:19:05.617000+00:00,1,41,-1503,4321,4180
2023-07-30T14:19:05.757000+00:00,1,41,-1455,4297,4175
2023-07-30T14:19:06.057000+00:00,1,41,-1313,4224,4165
2023-07-30T14:19:06.456000+00:00,1,41,-1180,4156,4155
2023-07-30T14:19:06.616000+00:00,1,41,-1110,4120,4149
2023-07-30T14:19:06.756000+00:00,1,41,-1045,4087,4145
2023-07-30T14:19:06.976000+00:00,1,41,-939,4033,4137
2023-07-30T14:19:07.156000+00:00,1,41,-849,3986,4130
2023-07-30T14:19:07.456000+00:00,1,41,-695,3904,4119
2023-07-30T14:19:07.656000+00:00,1,41,-589,3845,4111
2023-07-30T14:19:07.836000+00:00,1,41,-491,3789,4104
2023-07-30T14:19:07.996000+00:00,1,41,-404,3737,4096
2023-07-30T14:19:08.296000+00:00,1,41,-239,3632,4084
2023-07-30T14:19:08.456000+00:00,1,41,-149,3572,4078
2023-07-30T14:19:08.616000+00:00,1,41,-60,3509,4070
2023-07-30T14:19:08.936000+00:00,1,41,197,3315,4052
2023-07-30T14:19:09.296000+00:00,1,41,321,3217,4044
2023-07-30T14:19:09.556000+00:00,1,41,543,3026,4031
2023-07-30T14:19:09.956000+00:00,1,41,738,2838,4017
2023-07-30T14:19:10.296000+00:00,1,41,866,2709,4008
2023-07-30T14:19:10.596000+00:00,1,41,1028,2542,3996
2023-07-30T14:19:10.836000+00:00,1,41,1166,2398,3986
2023-07-30T14:19:11.056000+00:00,1,41,1363,2191,3971
2023-07-30T14:19:11.477000+00:00,1,41,1595,1944,3953
2023-07-30T14:19:11.737000+00:00,1,41,1662,1873,3949
2023-07-30T14:19:12.097000+00:00,1,41,1863,1656,3934
2023-07-30T14:19:12.297000+00:00,1,41,1997,1510,3926
2023-07-30T14:19:12.637000+00:00,1,41,2165,1325,3915
2023-07-30T14:19:12.776000+00:00,1,41,2242,1236,3910
2023-07-30T14:19:13.036000+00:00,1,41,2387,1072,3901
2023-07-30T14:19:13.196000+00:00,1,41,2477,971,3895
2023-07-30T14:19:13.476000+00:00,1,41,2639,799,3888
2023-07-30T14:19:13.656000+00:00,1,41,2748,693,3886
2023-07-30T14:19:13.796000+00:00,1,41,2836,618,3886
2023-07-30T14:19:14.036000+00:00,1,41,2997,511,3890
2023-07-30T14:19:14.216000+00:00,1,41,3166,431,3899
2023-07-30T14:19:14.536000+00:00,1,41,3472,248,3938
2023-07-30T14:19:15.636000+00:00,1,41,3889,-428,4052
2023-07-30T14:19:16.016000+00:00,1,41,3949,-669,4081
2023-07-30T14:19:16.216000+00:00,1,41,3973,-825,4095
2023-07-30T14:19:16.376000+00:00,1,41,3992,-949,4107
2023-07-30T14:19:16.556000+00:00,1,41,4024,-1086,4119
2023-07-30T14:19:16.836000+00:00,1,41,4114,-1308,4133
2023-07-30T14:19:17.056000+00:00,1,41,4199,-1465,4143
2023-07-30T14:19:17.236000+00:00,1,41,4316,-1658,4153
2023-07-30T14:19:17.616000+00:00,1,41,4437,-1848,4163
2023-07-30T14:19:17.897000+00:00,1,41,4566,-2034,4172
2023-07-30T14:19:18.097000+00:00,1,41,4703,-2216,4183
2023-07-30T14:19:18.377000+00:00,1,41,4802,-2347,4190
2023-07-30T14:19:18.697000+00:00,1,41,5007,-2623,4206
2023-07-30T14:19:19.097000+00:00,1,41,5153,-2824,4218
2023-07-30T14:19:19.296000+00:00,1,41,5299,-3026,4229
2023-07-30T14:19:19.756000+00:00,1,41,5505,-3331,4245
2023-07-30T14:19:20.036000+00:00,1,41,5594,-3473,4253
2023-07-30T14:19:20.296000+00:00,1,41,5753,-3751,4266
2023-07-30T14:19:20.776000+00:00,1,41,5888,-4023,4280
2023-07-30T14:19:20.836000+00:00,1,41,5909,-4069,4282
2023-07-30T14:19:21.196000+00:00,1,41,6024,-4350,4298
2023-07-30T14:19:21.396000+00:00,1,41,6081,-4510,4307
2023-07-30T14:19:21.636000+00:00,1,41,6146,-4703,4315
2023-07-30T14:19:21.836000+00:00,1,41,6200,-4865,4322
2023-07-30T14:19:22.016000+00:00,1,41,6275,-5091,4332
2023-07-30T14:19:22.436000+00:00,1,41,6393,-5447,4349
2023-07-30T14:19:22.896000+00:00,1,41,6485,-5724,4363
2023-07-30T14:19:23.036000+00:00,1,41,6523,-5838,4368
2023-07-30T14:19:23.276000+00:00,1,41,6625,-6144,4383
2023-07-30T14:19:23.676000+00:00,1,41,6695,-6356,4393
2023-07-30T14:19:23.876000+00:00,1,41,6750,-6520,4401
2023-07-30T14:19:23.936000+00:00,1,41,6766,-6569,4403
2023-07-30T14:19:24.236000+00:00,1,41,6848,-6814,4414
2023-07-30T14:19:24.497000+00:00,1,41,6942,-7093,4428
2023-07-30T14:19:24.777000+00:00,1,41,6998,-7257,4436
2023-07-30T14:19:25.057000+00:00,1,41,7075,-7487,4447
2023-07-30T14:19:25.317000+00:00,1,41,7147,-7701,4457
2023-07-30T14:19:25.497000+00:00,1,41,7197,-7848,4465
2023-07-30T14:19:25.697000+00:00,1,41,7252,-8013,4473
2023-07-30T14:19:26.476000+00:00,1,41,7468,-8654,4503
2023-07-30T14:19:26.736000+00:00,1,41,7540,-8867,4514
2023-07-30T14:19:26.896000+00:00,1,41,7584,-8998,4520
2023-07-30T14:19:27.196000+00:00,1,41,7704,-9356,4538
2023-07-30T14:19:27.656000+00:00,1,41,7797,-9631,4551
2023-07-30T14:19:27.896000+00:00,1,41,7886,-9900,4564
2023-07-30T14:19:28.156000+00:00,1,41,7928,-10029,4571
2023-07-30T14:19:28.456000+00:00,1,41,8038,-10361,4586
2023-07-30T14:19:28.856000+00:00,1,41,8111,-10572,4597
2023-07-30T14:19:28.976000+00:00,1,41,8141,-10659,4600
2023-07-30T14:19:29.316000+00:00,1,41,8226,-10920,4613
2023-07-30T14:19:29.696000+00:00,1,41,8276,-11099,4621
2023-07-30T14:19:29.856000+00:00,1,41,8294,-11181,4624
2023-07-30T14:19:30.016000+00:00,1,41,8306,-11258,4627
2023-07-30T14:19:30.216000+00:00,1,41,8313,-11349,4630
2023-07-30T14:19:30.556000+00:00,1,41,8301,-11497,4635
2023-07-30T14:19:30.776000+00:00,1,41,8264,-11609,4640
2023-07-30T14:19:31.037000+00:00,1,41,8224,-11682,4643
2023-07-30T14:19:31.357000+00:00,1,41,8143,-11788,4649
2023-07-30T14:19:31.557000+00:00,1,41,8058,-11879,4654
2023-07-30T14:19:31.937000+00:00,1,41,7978,-11963,4656
2023-07-30T14:19:32.137000+00:00,1,41,7922,-12027,4658
2023-07-30T14:19:32.377000+00:00,1,41,7839,-12156,4662
2023-07-30T14:19:32.676000+00:00,1,41,7817,-12216,4663
2023-07-30T14:19:32.956000+00:00,1,41,7795,-12329,4666
2023-07-30T14:19:33.176000+00:00,1,41,7791,-12420,4668
2023-07-30T14:19:33.456000+00:00,1,41,7807,-12571,4672
2023-07-30T14:19:33.856000+00:00,1,41,7850,-12732,4674
2023-07-30T14:19:34.116000+00:00,1,41,7880,-12818,4675
2023-07-30T14:19:34.336000+00:00,1,41,7917,-12914,4676
2023-07-30T14:19:34.516000+00:00,1,41,7948,-12996,4677
2023-07-30T14:19:34.816000+00:00,1,41,7999,-13142,4678
2023-07-30T14:19:35.056000+00:00,1,41,8030,-13263,4678
2023-07-30T14:19:35.216000+00:00,1,41,8042,-13346,4679
2023-07-30T14:19:35.376000+00:00,1,41,8046,-13429,4678
2023-07-30T14:19:35.716000+00:00,1,41,8016,-13625,4676
2023-07-30T14:19:35.916000+00:00,1,41,7971,-13745,4675
2023-07-30T14:19:36.216000+00:00,1,41,7904,-13868,4674
2023-07-30T14:19:36.476000+00:00,1,41,7821,-13981,4674
2023-07-30T14:19:36.696000+00:00,1,41,7735,-14067,4673
2023-07-30T14:19:36.856000+00:00,1,41,7665,-14125,4671
2023-07-30T14:19:37.076000+00:00,1,41,7561,-14201,4668
2023-07-30T14:19:37.296000+00:00,1,41,7451,-14275,4665
2023-07-30T14:19:37.597000+00:00,1,41,7298,-14379,4660
2023-07-30T14:19:37.797000+00:00,1,41,7161,-14471,4654
2023-07-30T14:19:38.097000+00:00,1,41,7033,-14561,4649
2023-07-30T14:19:38.357000+00:00,1,41,6893,-14662,4643
2023-07-30T14:19:38.537000+00:00,1,41,6796,-14734,4638
2023-07-30T14:19:38.777000+00:00,1,41,6580,-14896,4627
2023-07-30T14:19:39.276000+00:00,1,41,6323,-15094,4612
2023-07-30T14:19:39.536000+00:00,1,41,6233,-15163,4606
2023-07-30T14:19:39.756000+00:00,1,41,6110,-15259,4599
2023-07-30T14:19:40.076000+00:00,1,41,5935,-15397,4587
2023-07-30T14:19:40.136000+00:00,1,41,5902,-15422,4583
2023-07-30T14:19:40.336000+00:00,1,41,5793,-15498,4576
2023-07-30T14:19:40.696000+00:00,1,41,5544,-15647,4554
2023-07-30T14:19:41.116000+00:00,1,41,5420,-15711,4545
2023-07-30T14:19:41.316000+00:00,1,41,5337,-15746,4538
2023-07-30T14:19:41.496000+00:00,1,41,5267,-15765,4533
2023-07-30T14:19:41.736000+00:00,1,41,5170,-15769,4528
2023-07-30T14:19:41.936000+00:00,1,41,5042,-15748,4517
2023-07-30T14:19:42.356000+00:00,1,41,4932,-15695,4508
2023-07-30T14:19:42.676000+00:00,1,41,4862,-15638,4500
2023-07-30T14:19:42.976000+00:00,1,41,4801,-15565,4494
2023-07-30T14:19:43.396000+00:00,1,41,4754,-15482,4484
2023-07-30T14:19:43.556000+00:00,1,41,4737,-15435,4482
2023-07-30T14:19:43.716000+00:00,1,41,4726,-15385,4479
2023-07-30T14:19:43.996000+00:00,1,41,4720,-15295,4473
2023-07-30T14:19:44.197000+00:00,1,41,4727,-15228,4467
2023-07-30T14:19:44.317000+00:00,1,41,4735,-15188,4464
2023-07-30T14:19:44.597000+00:00,1,41,4766,-15095,4456
2023-07-30T14:19:44.757000+00:00,1,41,4792,-15044,4451
2023-07-30T14:19:45.097000+00:00,1,41,4866,-14937,4442
2023-07-30T14:19:45.317000+00:00,1,41,4927,-14871,4437
2023-07-30T14:19:45.517000+00:00,1,41,5032,-14780,4428
2023-07-30T14:19:45.896000+00:00,1,41,5130,-14709,4420
2023-07-30T14:19:46.136000+00:00,1,41,5228,-14646,4412
2023-07-30T14:19:46.336000+00:00,1,41,5317,-14594,4403
2023-07-30T14:19:46.496000+00:00,1,41,5392,-14555,4397
2023-07-30T14:19:46.716000+00:00,1,41,5497,-14500,4387
2023-07-30T14:19:46.876000+00:00,1,41,5686,-14395,4374
2023-07-30T14:19:47.236000+00:00,1,41,5799,-14320,4365
2023-07-30T14:19:47.456000+00:00,1,41,5892,-14243,4355
2023-07-30T14:19:47.636000+00:00,1,41,5960,-14174,4348
2023-07-30T14:19:47.856000+00:00,1,41,6029,-14083,4340
2023-07-30T14:19:48.116000+00:00,1,41,6088,-13967,4331
2023-07-30T14:19:48.296000+00:00,1,41,6112,-13879,4327
2023-07-30T14:19:48.536000+00:00,1,41,6127,-13757,4318
2023-07-30T14:19:48.816000+00:00,1,41,6108,-13535,4304
2023-07-30T14:19:49.236000+00:00,1,41,6055,-13339,4294
2023-07-30T14:19:49.596000+00:00,1,41,5963,-13106,4279
2023-07-30T14:19:49.996000+00:00,1,41,5900,-12957,4258
2023-07-30T14:19:50.216000+00:00,1,41,5845,-12828,4248
2023-07-30T14:19:50.316000+00:00,1,41,5821,-12769,4242
2023-07-30T14:19:50.536000+00:00,1,41,5766,-12634,4231
2023-07-30T14:19:50.757000+00:00,1,41,5710,-12493,4222
2023-07-30T14:19:51.097000+00:00,1,41,5629,-12274,4206
2023-07-30T14:19:51.297000+00:00,1,41,5585,-12139,4196
2023-07-30T14:19:52.097000+00:00,1,41,5434,-11574,4155
2023-07-30T14:19:52.256000+00:00,1,41,5406,-11456,4147
2023-07-30T14:19:52.536000+00:00,1,41,5358,-11249,4131
2023-07-30T14:19:52.716000+00:00,1,41,5313,-11039,4117
2023-07-30T14:19:53.056000+00:00,1,41,5275,-10858,4104
2023-07-30T14:19:53.396000+00:00,1,41,5220,-10598,4086
2023-07-30T14:19:53.436000+00:00,1,41,5214,-10568,4084
2023-07-30T14:19:53.736000+00:00,1,41,5165,-10337,4068
2023-07-30T14:19:54.016000+00:00,1,41,5111,-10091,4050
2023-07-30T14:19:54.336000+00:00,1,41,5063,-9873,4035
2023-07-30T14:19:54.456000+00:00,1,41,5042,-9780,4028
2023-07-30T14:19:54.736000+00:00,1,41,4992,-9563,4013
2023-07-30T14:19:55.016000+00:00,1,41,4898,-9277,3990
2023-07-30T14:19:55.496000+00:00,1,41,4771,-9039,3970
2023-07-30T14:19:55.536000+00:00,1,41,4754,-9015,3968
2023-07-30T14:19:55.856000+00:00,1,41,4600,-8839,3952
2023-07-30T14:19:56.076000+00:00,1,41,4417,-8698,3938
2023-07-30T14:19:56.416000+00:00,1,41,4266,-8618,3928
2023-07-30T14:19:56.676000+00:00,1,41,4089,-8567,3916
2023-07-30T14:19:56.856000+00:00,1,41,3860,-8544,3901
2023-07-30T14:19:57.297000+00:00,1,41,3619,-8535,3883
2023-07-30T14:19:57.517000+00:00,1,41,3454,-8536,3872
2023-07-30T14:19:57.777000+00:00,1,41,3260,-8552,3858
2023-07-30T14:19:57.977000+00:00,1,41,3087,-8589,3845
2023-07-30T14:19:58.337000+00:00,1,41,2860,-8686,3830
2023-07-30T14:19:58.477000+00:00,1,41,2765,-8741,3822
2023-07-30T14:19:58.657000+00:00,1,41,2614,-8843,3812
2023-07-30T14:19:58.876000+00:00,1,41,2481,-8954,3803
2023-07-30T14:19:59.216000+00:00,1,41,2297,-9146,3790
2023-07-30T14:19:59.436000+00:00,1,41,2193,-9285,3784
2023-07-30T14:19:59.596000+00:00,1,41,2124,-9390,3780
2023-07-30T14:19:59.756000+00:00,1,41,2062,-9499,3776
2023-07-30T14:20:00.036000+00:00,1,41,1923,-9802,3767
2023-07-30T14:20:00.496000+00:00,1,41,1839,-10041,3759
2023-07-30T14:20:00.676000+00:00,1,41,1796,-10178,3756
2023-07-30T14:20:00.856000+00:00,1,41,1754,-10315,3753
2023-07-30T14:20:01.096000+00:00,1,41,1696,-10496,3749
2023-07-30T14:20:01.256000+00:00,1,41,1657,-10616,3748
2023-07-30T14:20:01.516000+00:00,1,41,1594,-10812,3746
2023-07-30T14:20:01.656000+00:00,1,41,1560,-10918,3745
2023-07-30T14:20:01.896000+00:00,1,41,1483,-11160,3745
2023-07-30T14:20:02.196000+00:00,1,41,1429,-11327,3745
2023-07-30T14:20:02.436000+00:00,1,41,1363,-11534,3746
2023-07-30T14:20:02.616000+00:00,1,41,1319,-11669,3748
2023-07-30T14:20:02.976000+00:00,1,41,1224,-11962,3752
2023-07-30T14:20:03.296000+00:00,1,41,1157,-12160,3754
2023-07-30T14:20:03.596000+00:00,1,41,1082,-12351,3755
2023-07-30T14:20:03.796000+00:00,1,41,992,-12526,3756
2023-07-30T14:20:04.097000+00:00,1,41,933,-12613,3757
2023-07-30T14:20:04.357000+00:00,1,41,785,-12772,3759
2023-07-30T14:20:04.737000+00:00,1,41,690,-12847,3760
2023-07-30T14:20:04.997000+00:00,1,41,518,-12929,3761
2023-07-30T14:20:05.476000+00:00,1,41,360,-12955,3763
2023-07-30T14:20:05.676000+00:00,1,41,266,-12955,3763
2023-07-30T14:20:05.736000+00:00,1,41,238,-12953,3763
2023-07-30T14:20:05.976000+00:00,1,41,130,-12936,3764
2023-07-30T14:20:06.156000+00:00,1,41,50,-12912,3764
2023-07-30T14:20:06.356000+00:00,1,41,-34,-12873,3765
2023-07-30T14:20:06.556000+00:00,1,41,-120,-12826,3766
2023-07-30T14:20:06.736000+00:00,1,41,-183,-12791,3766
2023-07-30T14:20:06.956000+00:00,1,41,-283,-12742,3766
2023-07-30T14:20:07.196000+00:00,1,41,-399,-12699,3766
2023-07-30T14:20:07.396000+00:00,1,41,-499,-12674,3766
2023-07-30T14:20:07.636000+00:00,1,41,-620,-12664,3764
2023-07-30T14:20:07.856000+00:00,1,41,-734,-12674,3763
2023-07-30T14:20:08.096000+00:00,1,41,-905,-12717,3762
2023-07-30T14:20:08.536000+00:00,1,41,-1066,-12795,3760
2023-07-30T14:20:08.676000+00:00,1,41,-1128,-12836,3759
2023-07-30T14:20:08.896000+00:00,1,41,-1220,-12914,3758
2023-07-30T14:20:09.176000+00:00,1,41,-1364,-13076,3758
2023-07-30T14:20:09.596000+00:00,1,41,-1474,-13229,3755
2023-07-30T14:20:09.816000+00:00,1,41,-1545,-13343,3753
2023-07-30T14:20:10.016000+00:00,1,41,-1605,-13452,3751
2023-07-30T14:20:10.176000+00:00,1,41,-1652,-13542,3749
2023-07-30T14:20:10.376000+00:00,1,41,-1708,-13657,3746
2023-07-30T14:20:10.557000+00:00,1,41,-1758,-13762,3743
2023-07-30T14:20:10.737000+00:00,1,41,-1808,-13869,3740
2023-07-30T14:20:10.997000+00:00,1,41,-1900,-14059,3735
2023-07-30T14:20:11.297000+00:00,1,41,-1990,-14234,3731
2023-07-30T14:20:11.497000+00:00,1,41,-2082,-14396,3727
2023-07-30T14:20:11.937000+00:00,1,41,-2196,-14576,3719
2023-07-30T14:20:12.256000+00:00,1,41,-2284,-14684,3715
2023-07-30T14:20:12.536000+00:00,1,41,-2380,-14770,3709
2023-07-30T14:20:12.776000+00:00,1,41,-2469,-14826,3705
2023-07-30T14:20:12.936000+00:00,1,41,-2564,-14865,3702
2023-07-30T14:20:13.256000+00:00,1,41,-2659,-14882,3698
2023-07-30T14:20:13.416000+00:00,1,41,-2727,-14882,3696
2023-07-30T14:20:13.776000+00:00,1,41,-2880,-14862,3690
2023-07-30T14:20:13.816000+00:00,1,41,-2896,-14858,3689
2023-07-30T14:20:14.176000+00:00,1,41,-3102,-14787,3682
2023-07-30T14:20:14.556000+00:00,1,41,-3199,-14737,3679
2023-07-30T14:20:14.716000+00:00,1,41,-3263,-14700,3677
2023-07-30T14:20:14.896000+00:00,1,41,-3330,-14658,3674
2023-07-30T14:20:15.156000+00:00,1,41,-3499,-14552,3669
2023-07-30T14:20:15.496000+00:00,1,41,-3590,-14489,3666
2023-07-30T14:20:15.836000+00:00,1,41,-3747,-14372,3662
2023-07-30T14:20:15.996000+00:00,1,41,-3820,-14311,3661
2023-07-30T14:20:16.216000+00:00,1,41,-3919,-14221,3658
2023-07-30T14:20:16.436000+00:00,1,41,-4013,-14121,3656
2023-07-30T14:20:16.596000+00:00,1,41,-4076,-14044,3655
2023-07-30T14:20:16.856000+00:00,1,41,-4169,-13907,3655
2023-07-30T14:20:16.916000+00:00,1,41,-4188,-13874,3655
2023-07-30T14:20:17.197000+00:00,1,41,-4266,-13711,3656
2023-07-30T14:20:17.517000+00:00,1,41,-4324,-13515,3658
2023-07-30T14:20:17.677000+00:00,1,41,-4335,-13410,3660
2023-07-30T14:20:17.757000+00:00,1,41,-4337,-13356,3661
2023-07-30T14:20:17.957000+00:00,1,41,-4334,-13220,3664
2023-07-30T14:20:18.157000+00:00,1,41,-4321,-13083,3668
2023-07-30T14:20:18.497000+00:00,1,41,-4255,-12756,3679
2023-07-30T14:20:18.796000+00:00,1,41,-4224,-12647,3683
2023-07-30T14:20:19.056000+00:00,1,41,-4162,-12471,3688
2023-07-30T14:20:19.296000+00:00,1,41,-4094,-12310,3693
2023-07-30T14:20:19.556000+00:00,1,41,-4009,-12138,3700
2023-07-30T14:20:20.576000+00:00,1,41,-3513,-11404,3728
2023-07-30T14:20:20.976000+00:00,1,41,-3274,-11123,3739
2023-07-30T14:20:21.456000+00:00,1,41,-3088,-10925,3748
2023-07-30T14:20:21.636000+00:00,1,41,-2987,-10822,3753
2023-07-30T14:20:21.876000+00:00,1,41,-2848,-10687,3758
2023-07-30T14:20:21.916000+00:00,1,41,-2824,-10665,3759
2023-07-30T14:20:22.156000+00:00,1,41,-2679,-10534,3765
2023-07-30T14:20:22.476000+00:00,1,41,-2478,-10366,3772
2023-07-30T14:20:22.636000+00:00,1,41,-2295,-10227,3778
2023-07-30T14:20:22.996000+00:00,1,41,-2131,-10114,3783
2023-07-30T14:20:23.176000+00:00,1,41,-2006,-10032,3787
2023-07-30T14:20:23.516000+00:00,1,41,-1763,-9887,3792
2023-07-30T14:20:23.677000+00:00,1,41,-1646,-9821,3795
2023-07-30T14:20:23.937000+00:00,1,41,-1456,-9712,3800
2023-07-30T14:20:24.097000+00:00,1,41,-1280,-9609,3805
2023-07-30T14:20:24.417000+00:00,1,41,-1104,-9507,3808
2023-07-30T14:20:24.657000+00:00,1,41,-927,-9405,3813
2023-07-30T14:20:24.837000+00:00,1,41,-794,-9328,3816
2023-07-30T14:20:25.077000+00:00,1,41,-617,-9224,3820
2023-07-30T14:20:25.256000+00:00,1,41,-486,-9143,3823
2023-07-30T14:20:25.496000+00:00,1,41,-316,-9028,3828
2023-07-30T14:20:25.696000+00:00,1,41,-179,-8926,3831
2023-07-30T14:20:25.996000+00:00,1,41,16,-8758,3837
2023-07-30T14:20:26.156000+00:00,1,41,116,-8663,3840
2023-07-30T14:20:26.316000+00:00,1,41,216,-8559,3843
2023-07-30T14:20:26.596000+00:00,1,41,432,-8292,3851
2023-07-30T14:20:26.856000+00:00,1,41,509,-8176,3855
2023-07-30T14:20:27.256000+00:00,1,41,683,-7871,3864
2023-07-30T14:20:27.456000+00:00,1,41,806,-7620,3872
2023-07-30T14:20:27.736000+00:00,1,41,864,-7492,3876
2023-07-30T14:20:28.056000+00:00,1,41,1023,-7122,3888
2023-07-30T14:20:28.376000+00:00,1,41,1082,-6976,3891
2023-07-30T14:20:28.636000+00:00,1,41,1164,-6763,3898
2023-07-30T14:20:28.796000+00:00,1,41,1209,-6632,3902
2023-07-30T14:20:28.976000+00:00,1,41,1255,-6481,3905
2023-07-30T14:20:29.356000+00:00,1,41,1334,-6110,3913
2023-07-30T14:20:29.636000+00:00,1,41,1344,-5918,3917
2023-07-30T14:20:29.916000+00:00,1,41,1330,-5674,3925
2023-07-30T14:20:30.076000+00:00,1,41,1288,-5440,3931
2023-07-30T14:20:30.557000+00:00,1,41,1182,-5117,3938
2023-07-30T14:20:30.777000+00:00,1,41,1114,-4938,3941
2023-07-30T14:20:30.917000+00:00,1,41,1069,-4824,3942
2023-07-30T14:20:31.217000+00:00,1,41,927,-4488,3945
2023-07-30T14:20:31.577000+00:00,1,41,844,-4297,3948
2023-07-30T14:20:31.776000+00:00,1,41,774,-4137,3950
2023-07-30T14:20:31.896000+00:00,1,41,733,-4040,3952
2023-07-30T14:20:32.136000+00:00,1,41,650,-3848,3956
2023-07-30T14:20:32.416000+00:00,1,41,524,-3543,3963
2023-07-30T14:20:32.836000+00:00,1,41,424,-3285,3970
2023-07-30T14:20:32.916000+00:00,1,41,401,-3220,3972
2023-07-30T14:20:33.136000+00:00,1,41,344,-3041,3977
2023-07-30T14:20:33.336000+00:00,1,41,302,-2873,3983
2023-07-30T14:20:33.556000+00:00,1,41,261,-2689,3989
2023-07-30T14:20:33.776000+00:00,1,41,223,-2508,3996
2023-07-30T14:20:34.056000+00:00,1,41,183,-2308,4003
2023-07-30T14:20:34.296000+00:00,1,41,135,-2052,4014
2023-07-30T14:20:34.596000+00:00,1,41,114,-1930,4019
2023-07-30T14:20:34.816000+00:00,1,41,87,-1766,4025
2023-07-30T14:20:34.976000+00:00,1,41,69,-1653,4029
2023-07-30T14:20:35.276000+00:00,1,41,39,-1459,4036
2023-07-30T14:20:35.456000+00:00,1,41,23,-1353,4041
2023-07-30T14:20:35.796000+00:00,1,41,0,-1180,4047
2023-07-30T14:20:35.996000+00:00,1,41,-8,-1091,4050
2023-07-30T14:20:36.156000+00:00,1,41,-13,-980,4053
2023-07-30T14:20:36.436000+00:00,1,41,-11,-923,4055
2023-07-30T14:20:36.757000+00:00,1,41,-2,-821,4057
2023-07-30T14:20:36.877000+00:00,1,41,2,-788,4058
2023-07-30T14:20:37.097000+00:00,1,41,16,-732,4059
2023-07-30T14:20:37.357000+00:00,1,41,53,-650,4062
2023-07-30T14:20:37.757000+00:00,1,41,92,-604,4067
2023-07-30T14:20:37.877000+00:00,1,41,112,-589,4068
2023-07-30T14:20:38.237000+00:00,1,41,178,-561,4071
2023-07-30T14:20:39.116000+00:00,1,41,373,-545,4076
2023-07-30T14:20:39.556000+00:00,1,41,446,-521,4078
2023-07-30T14:20:39.756000+00:00,1,41,486,-496,4082
2023-07-30T14:20:39.916000+00:00,1,41,515,-466,4083
2023-07-30T14:20:40.056000+00:00,1,41,528,-442,4084
2023-07-30T14:20:40.396000+00:00,1,41,547,-379,4087
2023-07-30T14:20:40.576000+00:00,1,41,551,-345,4089
2023-07-30T14:20:40.776000+00:00,1,41,550,-306,4091
2023-07-30T14:20:40.976000+00:00,1,41,545,-266,4094
2023-07-30T14:20:41.236000+00:00,1,41,533,-215,4096
2023-07-30T14:20:41.456000+00:00,1,41,519,-172,4097
2023-07-30T14:20:41.656000+00:00,1,41,502,-130,4099
2023-07-30T14:20:41.956000+00:00,1,41,475,-72,4101
2023-07-30T14:20:42.136000+00:00,1,41,454,-33,4102
2023-07-30T14:20:42.296000+00:00,1,41,433,2,4103
2023-07-30T14:20:42.676000+00:00,1,41,364,110,4107
2023-07-30T14:20:42.916000+00:00,1,41,332,159,4108
2023-07-30T14:20:43.297000+00:00,1,41,232,305,4113
2023-07-30T14:20:43.617000+00:00,1,41,181,379,4115
2023-07-30T14:20:43.877000+00:00,1,41,117,474,4117
2023-07-30T14:20:44.097000+00:00,1,41,60,559,4120
2023-07-30T14:20:44.277000+00:00,1,41,-29,694,4124
2023-07-30T14:20:44.717000+00:00,1,41,-118,828,4127
2023-07-30T14:20:44.936000+00:00,1,41,-179,920,4129
2023-07-30T14:20:45.136000+00:00,1,41,-272,1061,4132
2023-07-30T14:20:45.476000+00:00,1,41,-352,1182,4135
2023-07-30T14:20:45.736000+00:00,1,41,-442,1317,4137
2023-07-30T13:57:08.056000+00:00,44,29,-515,1428,4140
2023-07-30T13:57:08.296000+00:00,44,29,-603,1560,4143
2023-07-30T13:57:08.536000+00:00,44,29,-692,1696,4145
2023-07-30T13:57:08.735000+00:00,44,29,-769,1811,4148
2023-07-30T13:57:08.975000+00:00,44,29,-863,1953,4151
2023-07-30T13:57:09.136000+00:00,44,29,-926,2049,4154
2023-07-30T13:57:09.316000+00:00,44,29,-999,2159,4156
2023-07-30T13:57:09.576000+00:00,44,29,-1106,2320,4160
2023-07-30T13:57:09.796000+00:00,44,29,-1197,2458,4163
2023-07-30T13:57:09.976000+00:00,44,29,-1273,2572,4166
2023-07-30T13:57:10.216000+00:00,44,29,-1374,2724,4169
2023-07-30T13:57:10.436000+00:00,44,29,-1468,2866,4172
2023-07-30T13:57:10.596000+00:00,44,29,-1536,2970,4175
2023-07-30T13:57:10.776000+00:00,44,29,-1613,3086,4178
2023-07-30T13:57:10.936000+00:00,44,29,-1679,3186,4180
2023-07-30T13:57:11.156000+00:00,44,29,-1765,3315,4184
2023-07-30T13:57:11.436000+00:00,44,29,-1908,3530,4193
2023-07-30T13:57:11.736000+00:00,44,29,-1965,3617,4197
2023-07-30T13:57:11.956000+00:00,44,29,-2033,3722,4203
2023-07-30T13:57:12.196000+00:00,44,29,-2103,3830,4208
2023-07-30T13:57:12.476000+00:00,44,29,-2167,3936,4213
2023-07-30T13:57:12.736000+00:00,44,29,-2224,4039,4217
2023-07-30T13:57:13.156000+00:00,44,29,-2289,4197,4222
2023-07-30T13:57:13.476000+00:00,44,29,-2307,4285,4223
2023-07-30T13:57:13.936000+00:00,44,29,-2301,4396,4220
2023-07-30T13:57:14.276000+00:00,44,29,-2287,4441,4217
2023-07-30T13:57:14.556000+00:00,44,29,-2254,4490,4220
2023-07-30T13:57:14.776000+00:00,44,29,-2221,4517,4219
2023-07-30T13:57:14.956000+00:00,44,29,-2190,4533,4218
2023-07-30T13:57:15.215000+00:00,44,29,-2145,4546,4217
2023-07-30T13:57:15.395000+00:00,44,29,-2113,4548,4216
2023-07-30T13:57:15.636000+00:00,44,29,-2069,4545,4213
2023-07-30T13:57:15.796000+00:00,44,29,-2039,4540,4212
2023-07-30T13:57:15.956000+00:00,44,29,-2008,4534,4210
2023-07-30T13:57:16.236000+00:00,44,29,-1951,4518,4209
2023-07-30T13:57:16.476000+00:00,44,29,-1868,4490,4204
2023-07-30T13:57:16.776000+00:00,44,29,-1829,4475,4202
2023-07-30T13:57:16.956000+00:00,44,29,-1784,4456,4199
2023-07-30T13:57:17.256000+00:00,44,29,-1703,4419,4192
2023-07-30T13:57:17.516000+00:00,44,29,-1592,4366,4186
2023-07-30T13:57:17.836000+00:00,44,29,-1473,4306,4176
2023-07-30T13:57:18.336000+00:00,44,29,-1324,4229,4165
2023-07-30T13:57:18.356000+00:00,44,29,-1315,4225,4165
2023-07-30T13:57:18.576000+00:00,44,29,-1202,4167,4156
2023-07-30T13:57:18.896000+00:00,44,29,-1006,4067,4142
2023-07-30T13:57:19.256000+00:00,44,29,-877,4001,4132
2023-07-30T13:57:19.536000+00:00,44,29,-733,3925,4121
2023-07-30T13:57:19.736000+00:00,44,29,-627,3867,4114
2023-07-30T13:57:19.956000+00:00,44,29,-508,3799,4105
2023-07-30T13:57:20.116000+00:00,44,29,-420,3746,4098
2023-07-30T13:57:21.136000+00:00,44,29,202,3311,4052
2023-07-30T13:57:21.556000+00:00,44,29,461,3099,4035
2023-07-30T13:57:21.895000+00:00,44,29,571,3000,4029
2023-07-30T13:57:22.095000+00:00,44,29,680,2896,4022
2023-07-30T13:57:22.296000+00:00,44,29,787,2788,4013
2023-07-30T13:57:22.496000+00:00,44,29,895,2679,4005
2023-07-30T13:57:22.816000+00:00,44,29,1141,2425,3988
2023-07-30T13:57:23.156000+00:00,44,29,1326,2230,3974
2023-07-30T13:57:23.456000+00:00,44,29,1414,2137,3968
2023-07-30T13:57:23.716000+00:00,44,29,1559,1983,3957
2023-07-30T13:57:24.016000+00:00,44,29,1795,1730,3940
2023-07-30T13:57:24.436000+00:00,44,29,1964,1546,3928
2023-07-30T13:57:24.656000+00:00,44,29,2167,1322,3915
2023-07-30T13:57:25.096000+00:00,44,29,2335,1131,3904
2023-07-30T13:57:25.276000+00:00,44,29,2437,1016,3898
2023-07-30T13:57:25.496000+00:00,44,29,2622,816,3889
2023-07-30T13:57:25.856000+00:00,44,29,2781,664,3886
2023-07-30T13:57:26.056000+00:00,44,29,2911,563,3887
2023-07-30T13:57:26.296000+00:00,44,29,3097,462,3895
2023-07-30T13:57:26.436000+00:00,44,29,3325,351,3915
2023-07-30T13:57:26.756000+00:00,44,29,3450,265,3934
2023-07-30T13:57:26.976000+00:00,44,29,3587,140,3958
2023-07-30T13:57:27.256000+00:00,44,29,3726,-52,3994
2023-07-30T13:57:27.516000+00:00,44,29,3868,-367,4043
2023-07-30T13:57:27.916000+00:00,44,29,3931,-577,4070
2023-07-30T13:57:28.096000+00:00,44,29,3959,-727,4087
2023-07-30T13:57:28.375000+00:00,44,29,3995,-964,4108
2023-07-30T13:57:28.535000+00:00,44,29,4052,-1171,4124
2023-07-30T13:57:28.956000+00:00,44,29,4173,-1419,4141
2023-07-30T13:57:29.236000+00:00,44,29,4296,-1627,4151
2023-07-30T13:57:29.376000+00:00,44,29,4360,-1728,4157
2023-07-30T13:57:29.616000+00:00,44,29,4520,-1971,4169
2023-07-30T13:57:30.056000+00:00,44,29,4736,-2260,4186
2023-07-30T13:57:30.456000+00:00,44,29,4902,-2480,4198
2023-07-30T13:57:30.636000+00:00,44,29,5054,-2688,4210
2023-07-30T13:57:30.956000+00:00,44,29,5156,-2828,4218
2023-07-30T13:57:31.276000+00:00,44,29,5376,-3138,4235
2023-07-30T13:57:31.636000+00:00,44,29,5491,-3311,4244
2023-07-30T13:57:31.856000+00:00,44,29,5593,-3472,4253
2023-07-30T13:57:32.036000+00:00,44,29,5673,-3607,4259
2023-07-30T13:57:32.236000+00:00,44,29,5758,-3760,4266
2023-07-30T13:57:32.436000+00:00,44,29,5837,-3916,4274
2023-07-30T13:57:32.736000+00:00,44,29,5993,-4267,4293
2023-07-30T13:57:33.156000+00:00,44,29,6083,-4514,4307
2023-07-30T13:57:33.496000+00:00,44,29,6172,-4780,4319
2023-07-30T13:57:33.696000+00:00,44,29,6254,-5030,4330
2023-07-30T13:57:34.096000+00:00,44,29,6376,-5395,4347
2023-07-30T13:57:34.436000+00:00,44,29,6431,-5562,4355
2023-07-30T13:57:34.816000+00:00,44,29,6570,-5979,4374
2023-07-30T13:57:35.235000+00:00,44,29,6672,-6286,4390
2023-07-30T13:57:35.576000+00:00,44,29,6756,-6537,4402
2023-07-30T13:57:35.756000+00:00,44,29,6806,-6687,4408
2023-07-30T13:57:35.936000+00:00,44,29,6856,-6838,4416
2023-07-30T13:57:36.216000+00:00,44,29,6963,-7156,4431
2023-07-30T13:57:36.576000+00:00,44,29,7037,-7373,4442
2023-07-30T13:57:36.836000+00:00,44,29,7110,-7591,4452
2023-07-30T13:57:36.996000+00:00,44,29,7155,-7725,4459
2023-07-30T13:57:37.296000+00:00,44,29,7267,-8058,4475
2023-07-30T13:57:37.676000+00:00,44,29,7362,-8341,4489
2023-07-30T13:57:38.016000+00:00,44,29,7440,-8572,4499
2023-07-30T13:57:38.296000+00:00,44,29,7546,-8885,4514
2023-07-30T13:57:38.696000+00:00,44,29,7628,-9130,4526
2023-07-30T13:57:38.876000+00:00,44,29,7678,-9277,4534
2023-07-30T13:57:39.076000+00:00,44,29,7760,-9522,4545
2023-07-30T13:57:39.416000+00:00,44,29,7835,-9745,4556
2023-07-30T13:57:39.756000+00:00,44,29,7942,-10072,4572
2023-07-30T13:57:40.016000+00:00,44,29,7990,-10218,4580
2023-07-30T13:57:40.276000+00:00,44,29,8061,-10428,4589
2023-07-30T13:57:40.596000+00:00,44,29,8146,-10674,4601
2023-07-30T13:57:40.736000+00:00,44,29,8177,-10768,4606
2023-07-30T13:57:41.016000+00:00,44,29,8252,-11008,4617
2023-07-30T13:57:41.396000+00:00,44,29,8286,-11145,4622
2023-07-30T13:57:41.635000+00:00,44,29,8307,-11263,4627
2023-07-30T13:57:41.795000+00:00,44,29,8313,-11336,4629
2023-07-30T13:57:42.016000+00:00,44,29,8310,-11432,4633
2023-07-30T13:57:42.196000+00:00,44,29,8290,-11538,4637
2023-07-30T13:57:42.516000+00:00,44,29,8255,-11628,4640
2023-07-30T13:57:42.716000+00:00,44,29,8215,-11695,4643
2023-07-30T13:57:43.056000+00:00,44,29,8131,-11801,4650
2023-07-30T13:57:43.316000+00:00,44,29,8072,-11864,4653
2023-07-30T13:57:43.516000+00:00,44,29,8018,-11921,4655
2023-07-30T13:57:43.876000+00:00,44,29,7920,-12029,4658
2023-07-30T13:57:44.096000+00:00,44,29,7863,-12110,4661
2023-07-30T13:57:44.456000+00:00,44,29,7812,-12235,4664
2023-07-30T13:57:44.616000+00:00,44,29,7799,-12298,4665
2023-07-30T13:57:44.856000+00:00,44,29,7791,-12395,4668
2023-07-30T13:57:45.116000+00:00,44,29,7803,-12552,4671
2023-07-30T13:57:45.416000+00:00,44,29,7820,-12628,4673
2023-07-30T13:57:45.576000+00:00,44,29,7839,-12697,4673
2023-07-30T13:57:45.856000+00:00,44,29,7905,-12883,4676
2023-07-30T13:57:46.236000+00:00,44,29,7948,-12995,4677
2023-07-30T13:57:46.556000+00:00,44,29,8002,-13153,4678
2023-07-30T13:57:46.736000+00:00,44,29,8026,-13245,4679
2023-07-30T13:57:46.916000+00:00,44,29,8045,-13381,4678
2023-07-30T13:57:47.236000+00:00,44,29,8040,-13513,4677
2023-07-30T13:57:47.536000+00:00,44,29,7998,-13679,4675
2023-07-30T13:57:47.616000+00:00,44,29,7982,-13719,4675
2023-07-30T13:57:47.896000+00:00,44,29,7915,-13852,4674
2023-07-30T13:57:48.155000+00:00,44,29,7807,-13996,4673
2023-07-30T13:57:48.616000+00:00,44,29,7650,-14136,4671
2023-07-30T13:57:48.776000+00:00,44,29,7536,-14217,4668
2023-07-30T13:57:49.256000+00:00,44,29,7286,-14387,4659
2023-07-30T13:57:49.496000+00:00,44,29,7213,-14436,4657
2023-07-30T13:57:49.696000+00:00,44,29,7108,-14509,4652
2023-07-30T13:57:49.996000+00:00,44,29,6893,-14662,4642
2023-07-30T13:57:50.336000+00:00,44,29,6762,-14759,4636
2023-07-30T13:57:50.616000+00:00,44,29,6609,-14875,4628
2023-07-30T13:57:50.816000+00:00,44,29,6494,-14962,4622
2023-07-30T13:57:51.116000+00:00,44,29,6271,-15134,4609
2023-07-30T13:57:51.436000+00:00,44,29,6146,-15231,4602
2023-07-30T13:57:51.676000+00:00,44,29,6010,-15338,4592
2023-07-30T13:57:51.836000+00:00,44,29,5837,-15469,4579
2023-07-30T13:57:52.256000+00:00,44,29,5617,-15606,4561
2023-07-30T13:57:52.656000+00:00,44,29,5500,-15671,4551
2023-07-30T13:57:52.796000+00:00,44,29,5440,-15701,4547
2023-07-30T13:57:53.136000+00:00,44,29,5266,-15765,4533
2023-07-30T13:57:53.436000+00:00,44,29,5188,-15770,4529
2023-07-30T13:57:53.796000+00:00,44,29,5053,-15751,4518
2023-07-30T13:57:53.816000+00:00,44,29,5047,-15749,4518
2023-07-30T13:57:54.196000+00:00,44,29,4928,-15692,4508
2023-07-30T13:57:54.396000+00:00,44,29,4845,-15620,4499
2023-07-30T13:57:54.635000+00:00,44,29,4819,-15591,4495
2023-07-30T13:57:54.955000+00:00,44,29,4765,-15505,4487
2023-07-30T13:57:55.236000+00:00,44,29,4735,-15426,4482
2023-07-30T13:57:55.436000+00:00,44,29,4721,-15349,4476
2023-07-30T13:57:55.796000+00:00,44,29,4723,-15258,4470
2023-07-30T13:57:56.016000+00:00,44,29,4745,-15153,4461
2023-07-30T13:57:56.496000+00:00,44,29,4818,-15001,4448
2023-07-30T13:57:56.816000+00:00,44,29,4857,-14948,4442
2023-07-30T13:57:57.076000+00:00,44,29,4967,-14835,4434
2023-07-30T13:57:57.516000+00:00,44,29,5068,-14753,4425
2023-07-30T13:57:57.676000+00:00,44,29,5128,-14710,4420
2023-07-30T13:57:57.896000+00:00,44,29,5216,-14653,4412
2023-07-30T13:57:58.096000+00:00,44,29,5302,-14603,4404
2023-07-30T13:57:58.256000+00:00,44,29,5374,-14565,4398
2023-07-30T13:57:58.416000+00:00,44,29,5448,-14525,4392
2023-07-30T13:57:58.636000+00:00,44,29,5554,-14470,4383
2023-07-30T13:57:59.576000+00:00,44,29,5973,-14158,4346
2023-07-30T13:57:59.756000+00:00,44,29,6028,-14082,4340
2023-07-30T13:57:59.976000+00:00,44,29,6099,-13930,4329
2023-07-30T13:58:00.496000+00:00,44,29,6127,-13730,4316
2023-07-30T13:58:00.656000+00:00,44,29,6123,-13648,4310
2023-07-30T13:58:00.916000+00:00,44,29,6103,-13513,4302
2023-07-30T13:58:00.996000+00:00,44,29,6093,-13471,4300
2023-07-30T13:58:01.335000+00:00,44,29,6038,-13291,4290
2023-07-30T13:58:01.495000+00:00,44,29,6005,-13205,4290
2023-07-30T13:58:01.736000+00:00,44,29,5950,-13075,4268
2023-07-30T13:58:01.776000+00:00,44,29,5940,-13053,4267
2023-07-30T13:58:02.056000+00:00,44,29,5873,-12894,4254
2023-07-30T13:58:02.336000+00:00,44,29,5770,-12644,4232
2023-07-30T13:58:02.716000+00:00,44,29,5711,-12495,4222
2023-07-30T13:58:02.796000+00:00,44,29,5691,-12444,4218
2023-07-30T13:58:03.056000+00:00,44,29,5630,-12276,4206
2023-07-30T13:58:03.256000+00:00,44,29,5586,-12142,4196
2023-07-30T13:58:03.496000+00:00,44,29,5538,-11976,4184
2023-07-30T13:58:03.716000+00:00,44,29,5496,-11820,4173
2023-07-30T13:58:03.936000+00:00,44,29,5431,-11559,4153
2023-07-30T13:58:04.396000+00:00,44,29,5375,-11322,4137
2023-07-30T13:58:04.576000+00:00,44,29,5335,-11140,4125
2023-07-30T13:58:05.036000+00:00,44,29,5270,-10835,4104
2023-07-30T13:58:05.236000+00:00,44,29,5224,-10619,4088
2023-07-30T13:58:05.536000+00:00,44,29,5189,-10448,4075
2023-07-30T13:58:05.796000+00:00,44,29,5145,-10245,4062
2023-07-30T13:58:06.056000+00:00,44,29,5079,-9945,4040
2023-07-30T13:58:06.396000+00:00,44,29,5040,-9771,4027
2023-07-30T13:58:06.576000+00:00,44,29,5008,-9628,4017
2023-07-30T13:58:06.836000+00:00,44,29,4953,-9427,4003
2023-07-30T13:58:06.936000+00:00,44,29,4928,-9353,3997
2023-07-30T13:58:07.236000+00:00,44,29,4834,-9144,3979
2023-07-30T13:58:07.416000+00:00,44,29,4766,-9032,3970
2023-07-30T13:58:07.576000+00:00,44,29,4696,-8941,3961
2023-07-30T13:58:07.955000+00:00,44,29,4501,-8757,3945
2023-07-30T13:58:08.135000+00:00,44,29,4337,-8653,3933
2023-07-30T13:58:08.556000+00:00,44,29,4110,-8572,3918
2023-07-30T13:58:08.976000+00:00,44,29,3840,-8543,3901
2023-07-30T13:58:09.116000+00:00,44,29,3740,-8539,3901
2023-07-30T13:58:09.276000+00:00,44,29,3625,-8536,3883
2023-07-30T13:58:10.076000+00:00,44,29,3055,-8600,3843
2023-07-30T13:58:10.276000+00:00,44,29,2917,-8658,3833
2023-07-30T13:58:10.436000+00:00,44,29,2808,-8715,3826
2023-07-30T13:58:10.736000+00:00,44,29,2534,-8908,3807
2023-07-30T13:58:11.036000+00:00,44,29,2442,-8990,3800
2023-07-30T13:58:11.396000+00:00,44,29,2192,-9287,3784
2023-07-30T13:58:11.636000+00:00,44,29,2148,-9352,3781
2023-07-30T13:58:11.996000+00:00,44,29,2011,-9602,3773
2023-07-30T13:58:12.196000+00:00,44,29,1910,-9836,3766
2023-07-30T13:58:12.636000+00:00,44,29,1798,-10173,3756
2023-07-30T13:58:12.956000+00:00,44,29,1750,-10326,3753
2023-07-30T13:58:13.176000+00:00,44,29,1662,-10602,3748
2023-07-30T13:58:13.616000+00:00,44,29,1588,-10833,3746
2023-07-30T13:58:13.796000+00:00,44,29,1543,-10971,3745
2023-07-30T13:58:14.056000+00:00,44,29,1479,-11172,3745
2023-07-30T13:58:14.256000+00:00,44,29,1412,-11382,3745
2023-07-30T13:58:14.555000+00:00,44,29,1349,-11576,3746
2023-07-30T13:58:14.796000+00:00,44,29,1289,-11762,3749
2023-07-30T13:58:15.016000+00:00,44,29,1234,-11933,3751
2023-07-30T13:58:15.196000+00:00,44,29,1188,-12072,3753
2023-07-30T13:58:15.396000+00:00,44,29,1136,-12218,3754
2023-07-30T13:58:15.696000+00:00,44,29,1056,-12409,3756
2023-07-30T13:58:15.856000+00:00,44,29,1009,-12499,3756
2023-07-30T13:58:16.096000+00:00,44,29,899,-12655,3757
2023-07-30T13:58:16.516000+00:00,44,29,769,-12786,3759
2023-07-30T13:58:16.676000+00:00,44,29,706,-12836,3760
2023-07-30T13:58:16.876000+00:00,44,29,625,-12886,3761
2023-07-30T13:58:16.996000+00:00,44,29,574,-12909,3761
2023-07-30T13:58:17.216000+00:00,44,29,477,-12940,3762
2023-07-30T13:58:17.496000+00:00,44,29,349,-12955,3763
2023-07-30T13:58:17.816000+00:00,44,29,172,-12945,3763
2023-07-30T13:58:18.036000+00:00,44,29,111,-12931,3764
2023-07-30T13:58:18.396000+00:00,44,29,-39,-12870,3765
2023-07-30T13:58:18.576000+00:00,44,29,-116,-12828,3766
2023-07-30T13:58:18.736000+00:00,44,29,-185,-12790,3766
2023-07-30T13:58:18.916000+00:00,44,29,-265,-12750,3766
2023-07-30T13:58:19.256000+00:00,44,29,-428,-12690,3766
2023-07-30T13:58:19.436000+00:00,44,29,-518,-12671,3765
2023-07-30T13:58:19.596000+00:00,44,29,-659,-12666,3764
2023-07-30T13:58:20.076000+00:00,44,29,-836,-12695,3763
2023-07-30T13:58:20.256000+00:00,44,29,-918,-12722,3762
2023-07-30T13:58:20.476000+00:00,44,29,-1041,-12781,3761
2023-07-30T13:58:20.816000+00:00,44,29,-1155,-12858,3759
2023-07-30T13:58:21.115000+00:00,44,29,-1268,-12963,3758
2023-07-30T13:58:21.255000+00:00,44,29,-1318,-13019,3758
2023-07-30T13:58:21.516000+00:00,44,29,-1417,-13147,3757
2023-07-30T13:58:21.916000+00:00,44,29,-1529,-13317,3753
2023-07-30T13:58:22.096000+00:00,44,29,-1581,-13407,3751
2023-07-30T13:58:22.356000+00:00,44,29,-1653,-13544,3749
2023-07-30T13:58:22.536000+00:00,44,29,-1728,-13697,3744
2023-07-30T13:58:22.796000+00:00,44,29,-1769,-13787,3742
2023-07-30T13:58:23.036000+00:00,44,29,-1850,-13958,3738
2023-07-30T13:58:23.376000+00:00,44,29,-1950,-14159,3733
2023-07-30T13:58:23.556000+00:00,44,29,-2005,-14262,3730
2023-07-30T13:58:23.816000+00:00,44,29,-2113,-14448,3725
2023-07-30T13:58:24.236000+00:00,44,29,-2206,-14589,3719
2023-07-30T13:58:24.416000+00:00,44,29,-2260,-14658,3716
2023-07-30T13:58:24.616000+00:00,44,29,-2325,-14724,3712
2023-07-30T13:58:24.776000+00:00,44,29,-2421,-14798,3708
2023-07-30T13:58:25.196000+00:00,44,29,-2533,-14854,3702
2023-07-30T13:58:25.356000+00:00,44,29,-2592,-14872,3701
2023-07-30T13:58:25.696000+00:00,44,29,-2762,-14878,3694
2023-07-30T13:58:26.036000+00:00,44,29,-2856,-14866,3690
2023-07-30T13:58:26.136000+00:00,44,29,-2895,-14858,3689
2023-07-30T13:58:26.516000+00:00,44,29,-3044,-14812,3684
2023-07-30T13:58:26.676000+00:00,44,29,-3107,-14784,3682
2023-07-30T13:58:26.836000+00:00,44,29,-3170,-14753,3680
2023-07-30T13:58:27.096000+00:00,44,29,-3274,-14694,3677
2023-07-30T13:58:27.336000+00:00,44,29,-3428,-14599,3672
2023-07-30T13:58:27.655000+00:00,44,29,-3509,-14545,3669
2023-07-30T13:58:28.636000+00:00,44,29,-3991,-14146,3656
2023-07-30T13:58:29.056000+00:00,44,29,-4125,-13977,3655
2023-07-30T13:58:29.216000+00:00,44,29,-4179,-13889,3655
2023-07-30T13:58:29.356000+00:00,44,29,-4222,-13808,3655
2023-07-30T13:58:29.576000+00:00,44,29,-4279,-13677,3656
2023-07-30T13:58:29.776000+00:00,44,29,-4316,-13553,3658
2023-07-30T13:58:29.956000+00:00,44,29,-4333,-13438,3659
2023-07-30T13:58:30.136000+00:00,44,29,-4337,-13316,3662
2023-07-30T13:58:30.396000+00:00,44,29,-4316,-13046,3669
2023-07-30T13:58:30.876000+00:00,44,29,-4271,-12817,3678
2023-07-30T13:58:31.116000+00:00,44,29,-4194,-12560,3686
2023-07-30T13:58:31.436000+00:00,44,29,-4110,-12346,3693
2023-07-30T13:58:31.916000+00:00,44,29,-3966,-12058,3703
2023-07-30T13:58:32.216000+00:00,44,29,-3890,-11930,3707
2023-07-30T13:58:32.476000+00:00,44,29,-3782,-11765,3713
2023-07-30T13:58:32.736000+00:00,44,29,-3667,-11603,3719
2023-07-30T13:58:32.896000+00:00,44,29,-3593,-11505,3723
2023-07-30T13:58:33.056000+00:00,44,29,-3516,-11407,3727
2023-07-30T13:58:33.336000+00:00,44,29,-3352,-11211,3736
2023-07-30T13:58:33.556000+00:00,44,29,-3236,-11081,3741
2023-07-30T13:58:33.736000+00:00,44,29,-3138,-10977,3746
2023-07-30T13:58:34.036000+00:00,44,29,-2889,-10726,3757
2023-07-30T13:58:34.295000+00:00,44,29,-2818,-10659,3760
2023-07-30T13:58:34.656000+00:00,44,29,-2598,-10464,3768
2023-07-30T13:58:34.836000+00:00,44,29,-2431,-10328,3774
2023-07-30T13:58:35.156000+00:00,44,29,-2271,-10210,3779
2023-07-30T13:58:35.376000+00:00,44,29,-2120,-10106,3783
2023-07-30T13:58:35.616000+00:00,44,29,-1948,-9996,3788
2023-07-30T13:58:35.916000+00:00,44,29,-1681,-9841,3794
2023-07-30T13:58:36.316000+00:00,44,29,-1431,-9697,3801
2023-07-30T13:58:36.376000+00:00,44,29,-1386,-9671,3802
2023-07-30T13:58:36.596000+00:00,44,29,-1224,-9576,3806
2023-07-30T13:58:36.896000+00:00,44,29,-1001,-9447,3811
2023-07-30T13:58:37.136000+00:00,44,29,-822,-9344,3815
2023-07-30T13:58:37.296000+00:00,44,29,-702,-9275,3818
2023-07-30T13:58:37.476000+00:00,44,29,-569,-9195,3822
2023-07-30T13:58:37.676000+00:00,44,29,-337,-9043,3827
2023-07-30T13:58:38.016000+00:00,44,29,-183,-8929,3831
2023-07-30T13:58:38.316000+00:00,44,29,15,-8759,3837
2023-07-30T13:58:38.596000+00:00,44,29,189,-8588,3842
2023-07-30T13:58:38.776000+00:00,44,29,377,-8367,3849
2023-07-30T13:58:39.056000+00:00,44,29,449,-8268,3852
2023-07-30T13:58:39.376000+00:00,44,29,649,-7936,3862
2023-07-30T13:58:39.696000+00:00,44,29,730,-7779,3867
2023-07-30T13:58:39.956000+00:00,44,29,828,-7572,3873
2023-07-30T13:58:40.116000+00:00,44,29,886,-7443,3877
2023-07-30T13:58:40.436000+00:00,44,29,1045,-7069,3889
2023-07-30T13:58:40.815000+00:00,44,29,1142,-6823,3896
2023-07-30T13:58:41.256000+00:00,44,29,1248,-6507,3905
2023-07-30T13:58:41.356000+00:00,44,29,1271,-6423,3906
2023-07-30T13:58:41.536000+00:00,44,29,1307,-6272,3909
2023-07-30T13:58:41.816000+00:00,44,29,1340,-6039,3915
2023-07-30T13:58:42.056000+00:00,44,29,1342,-5833,3920
2023-07-30T13:58:42.276000+00:00,44,29,1326,-5645,3925
2023-07-30T13:58:42.416000+00:00,44,29,1308,-5529,3928
2023-07-30T13:58:42.596000+00:00,44,29,1271,-5384,3932
2023-07-30T13:58:42.916000+00:00,44,29,1147,-5023,3939
2023-07-30T13:58:43.296000+00:00,44,29,1066,-4817,3942
2023-07-30T13:58:43.396000+00:00,44,29,1033,-4738,3943
2023-07-30T13:58:43.616000+00:00,44,29,960,-4564,3945
2023-07-30T13:58:43.876000+00:00,44,29,871,-4359,3947
2023-07-30T13:58:44.076000+00:00,44,29,802,-4201,3949
2023-07-30T13:58:44.416000+00:00,44,29,686,-3931,3954
2023-07-30T13:58:44.616000+00:00,44,29,618,-3771,3957
2023-07-30T13:58:44.776000+00:00,44,29,564,-3642,3961
2023-07-30T13:58:44.956000+00:00,44,29,505,-3497,3964
2023-07-30T13:58:45.196000+00:00,44,29,400,-3219,3972
2023-07-30T13:58:45.456000+00:00,44,29,357,-3087,3976
2023-07-30T13:58:45.656000+00:00,44,29,313,-2919,3982
2023-07-30T13:58:45.996000+00:00,44,29,224,-2514,3996
2023-07-30T13:58:46.416000+00:00,44,29,178,-2284,4005
2023-07-30T13:58:46.556000+00:00,44,29,157,-2172,4010
2023-07-30T13:58:46.756000+00:00,44,29,129,-2014,4016
2023-07-30T13:58:46.996000+00:00,44,29,98,-1832,4023
2023-07-30T13:58:47.235000+00:00,44,29,71,-1662,4029
2023-07-30T13:58:47.395000+00:00,44,29,54,-1557,4033
2023-07-30T13:58:47.595000+00:00,44,29,24,-1358,4040
2023-07-30T13:58:47.996000+00:00,44,29,6,-1227,4045
2023-07-30T13:58:48.176000+00:00,44,29,-3,-1145,4048
2023-07-30T13:58:48.456000+00:00,44,29,-12,-1031,4051
2023-07-30T13:58:48.596000+00:00,44,29,-13,-979,4053
2023-07-30T13:58:48.896000+00:00,44,29,-8,-875,4056
2023-07-30T13:58:49.136000+00:00,44,29,5,-774,4058
2023-07-30T13:58:49.496000+00:00,44,29,24,-707,4059
2023-07-30T13:58:49.636000+00:00,44,29,39,-674,4061
2023-07-30T13:58:49.956000+00:00,44,29,84,-612,4067
2023-07-30T13:58:50.176000+00:00,44,29,135,-576,4069
2023-07-30T13:58:50.516000+00:00,44,29,191,-558,4071
2023-07-30T13:58:50.656000+00:00,44,29,220,-554,4072
2023-07-30T13:58:50.836000+00:00,44,29,256,-552,4073
2023-07-30T13:58:51.096000+00:00,44,29,307,-552,4074
2023-07-30T13:58:51.256000+00:00,44,29,337,-549,4075
2023-07-30T13:58:51.516000+00:00,44,29,387,-542,4076
2023-07-30T13:58:51.816000+00:00,44,29,445,-522,4078
2023-07-30T13:58:52.036000+00:00,44,29,497,-484,4081
2023-07-30T13:58:52.296000+00:00,44,29,516,-460,4083
2023-07-30T13:58:52.616000+00:00,44,29,541,-406,4085
2023-07-30T13:58:52.836000+00:00,44,29,549,-367,4088
2023-07-30T13:58:53.056000+00:00,44,29,550,-311,4091
2023-07-30T13:58:53.476000+00:00,44,29,541,-248,4095
2023-07-30T13:58:53.656000+00:00,44,29,529,-202,4096
2023-07-30T13:58:54.115000+00:00,44,29,486,-95,4100
2023-07-30T13:58:54.376000+00:00,44,29,474,-70,4101
2023-07-30T13:58:54.696000+00:00,44,29,415,32,4104
2023-07-30T13:58:54.976000+00:00,44,29,393,66,4105
2023-07-30T13:58:55.216000+00:00,44,29,353,128,4107
2023-07-30T13:58:56.156000+00:00,44,29,148,427,4117
2023-07-30T13:58:56.436000+00:00,44,29,82,526,4119
2023-07-30T13:58:56.616000+00:00,44,29,34,598,4121
2023-07-30T13:58:56.896000+00:00,44,29,-43,716,4124
2023-07-30T13:58:57.056000+00:00,44,29,-90,786,4126
2023-07-30T13:58:57.376000+00:00,44,29,-181,924,4129
2023-07-30T13:58:57.576000+00:00,44,29,-244,1019,4131
2023-07-30T13:58:57.816000+00:00,44,29,-323,1138,4133
2023-07-30T13:58:57.976000+00:00,44,29,-377,1220,4135
2023-07-30T13:58:58.216000+00:00,44,30,-460,1345,4138
2023-07-30T13:58:58.416000+00:00,44,30,-531,1452,4140
2023-07-30T13:58:58.636000+00:00,44,30,-611,1573,4143
2023-07-30T13:58:58.816000+00:00,44,30,-678,1674,4145
2023-07-30T13:58:58.976000+00:00,44,30,-738,1765,4147
2023-07-30T13:58:59.276000+00:00,44,30,-892,1997,4153
2023-07-30T13:58:59.596000+00:00,44,30,-979,2129,4156
2023-07-30T13:58:59.936000+00:00,44,30,-1116,2335,4160
2023-07-30T13:59:00.136000+00:00,44,30,-1238,2520,4164
2023-07-30T13:59:00.475000+00:00,44,30,-1338,2671,4168
2023-07-30T13:59:00.715000+00:00,44,30,-1499,2913,4173
2023-07-30T13:59:01.156000+00:00,44,30,-1625,3104,4178
2023-07-30T13:59:01.356000+00:00,44,30,-1765,3315,4184
2023-07-30T13:59:01.676000+00:00,44,30,-1837,3424,4188
2023-07-30T13:59:01.816000+00:00,44,30,-1890,3504,4191
2023-07-30T13:59:02.156000+00:00,44,30,-2041,3734,4203
2023-07-30T13:59:02.576000+00:00,44,30,-2122,3860,4209
2023-07-30T13:59:02.696000+00:00,44,30,-2150,3906,4212
2023-07-30T13:59:02.936000+00:00,44,30,-2199,3991,4216
2023-07-30T13:59:03.236000+00:00,44,30,-2248,4088,4219
2023-07-30T13:59:03.436000+00:00,44,30,-2279,4166,4222
2023-07-30T13:59:03.856000+00:00,44,30,-2308,4304,4223
2023-07-30T13:59:04.196000+00:00,44,30,-2307,4355,4223
2023-07-30T13:59:05.016000+00:00,44,30,-2225,4515,4221
2023-07-30T13:59:05.336000+00:00,44,30,-2165,4542,4217
2023-07-30T13:59:05.576000+00:00,44,30,-2117,4549,4216
2023-07-30T13:59:05.756000+00:00,44,30,-2083,4547,4214
2023-07-30T13:59:05.976000+00:00,44,30,-2028,4539,4211
2023-07-30T13:59:06.296000+00:00,44,30,-1976,4526,4208
2023-07-30T13:59:06.536000+00:00,44,30,-1901,4502,4206
2023-07-30T13:59:07.015000+00:00,44,30,-1808,4466,4200
2023-07-30T13:59:07.315000+00:00,44,30,-1741,4437,4196
2023-07-30T13:59:07.496000+00:00,44,30,-1693,4415,4193
2023-07-30T13:59:07.716000+00:00,44,30,-1628,4384,4188
2023-07-30T13:59:07.856000+00:00,44,30,-1584,4362,4186
2023-07-30T13:59:08.116000+00:00,44,30,-1498,4319,4178
2023-07-30T13:59:08.316000+00:00,44,30,-1428,4283,4174
2023-07-30T13:59:08.636000+00:00,44,30,-1303,4219,4164
2023-07-30T13:59:08.836000+00:00,44,30,-1202,4167,4156
2023-07-30T13:59:09.056000+00:00,44,30,-1103,4117,4149
2023-07-30T13:59:09.296000+00:00,44,30,-992,4060,4141
2023-07-30T13:59:09.496000+00:00,44,30,-865,3995,4132
2023-07-30T13:59:09.916000+00:00,44,30,-606,3855,4112
2023-07-30T13:59:10.256000+00:00,44,30,-499,3794,4104
2023-07-30T13:59:10.436000+00:00,44,30,-401,3735,4096
2023-07-30T13:59:10.756000+00:00,44,30,-225,3622,4083
2023-07-30T13:59:10.816000+00:00,44,30,-191,3600,4080
2023-07-30T13:59:11.176000+00:00,44,30,41,3434,4063
2023-07-30T13:59:11.436000+00:00,44,30,153,3349,4056
2023-07-30T13:59:11.736000+00:00,44,30,322,3216,4044
2023-07-30T13:59:11.976000+00:00,44,30,456,3103,4035
2023-07-30T13:59:12.176000+00:00,44,30,642,2932,4025
2023-07-30T13:59:12.456000+00:00,44,30,718,2858,4018
2023-07-30T13:59:12.776000+00:00,44,30,890,2685,4005
2023-07-30T13:59:12.856000+00:00,44,30,933,2640,4002
2023-07-30T13:59:13.036000+00:00,44,30,1030,2540,3996
2023-07-30T13:59:13.396000+00:00,44,30,1211,2351,3982
2023-07-30T13:59:13.595000+00:00,44,30,1354,2200,3972
2023-07-30T13:59:13.935000+00:00,44,30,1509,2036,3961
2023-07-30T13:59:14.236000+00:00,44,30,1722,1808,3945
2023-07-30T13:59:14.476000+00:00,44,30,1812,1711,3938
2023-07-30T13:59:14.776000+00:00,44,30,1981,1527,3927
2023-07-30T13:59:15.076000+00:00,44,30,2151,1341,3916
2023-07-30T13:59:15.296000+00:00,44,30,2273,1201,3908
2023-07-30T13:59:15.456000+00:00,44,30,2362,1100,3903
2023-07-30T13:59:15.656000+00:00,44,30,2476,973,3895
2023-07-30T13:59:16.516000+00:00,44,30,3017,501,3890
2023-07-30T13:59:16.796000+00:00,44,30,3265,384,3908
2023-07-30T13:59:17.016000+00:00,44,30,3502,223,3943
2023-07-30T13:59:17.416000+00:00,44,30,3716,-35,3991
2023-07-30T13:59:17.736000+00:00,44,30,3795,-188,4017
2023-07-30T13:59:18.056000+00:00,44,30,3913,-505,4061
2023-07-30T13:59:18.476000+00:00,44,30,3968,-785,4093
2023-07-30T13:59:18.636000+00:00,44,30,4010,-1033,4113
2023-07-30T13:59:19.016000+00:00,44,30,4079,-1235,4129
2023-07-30T13:59:19.216000+00:00,44,30,4158,-1391,4138
2023-07-30T13:59:19.456000+00:00,44,30,4263,-1573,4149
2023-07-30T13:59:19.736000+00:00,44,30,4445,-1860,4163
2023-07-30T13:59:20.036000+00:00,44,30,4531,-1986,4170
2023-07-30T13:59:20.235000+00:00,44,30,4632,-2123,4178
2023-07-30T13:59:20.415000+00:00,44,30,4726,-2246,4185
2023-07-30T13:59:20.656000+00:00,44,30,4849,-2410,4195
2023-07-30T13:59:20.936000+00:00,44,30,5033,-2658,4208
2023-07-30T13:59:21.376000+00:00,44,30,5275,-2993,4227
2023-07-30T13:59:21.776000+00:00,44,30,5413,-3193,4237
2023-07-30T13:59:21.916000+00:00,44,30,5480,-3294,4243
2023-07-30T13:59:22.096000+00:00,44,30,5564,-3425,4250
2023-07-30T13:59:22.256000+00:00,44,30,5637,-3544,4256
2023-07-30T13:59:22.576000+00:00,44,30,5766,-3775,4267
2023-07-30T13:59:22.836000+00:00,44,30,5867,-3978,4278
2023-07-30T13:59:22.916000+00:00,44,30,5896,-4041,4281
2023-07-30T13:59:23.216000+00:00,44,30,5999,-4283,4294
2023-07-30T13:59:23.416000+00:00,44,30,6059,-4447,4303
2023-07-30T13:59:23.616000+00:00,44,30,6138,-4679,4314
2023-07-30T13:59:23.936000+00:00,44,30,6204,-4879,4323
2023-07-30T13:59:24.216000+00:00,44,30,6282,-5112,4333
2023-07-30T13:59:24.436000+00:00,44,30,6376,-5396,4347
2023-07-30T13:59:24.756000+00:00,44,30,6432,-5564,4355
2023-07-30T13:59:24.956000+00:00,44,30,6488,-5731,4363
2023-07-30T13:59:25.316000+00:00,44,30,6599,-6068,4379
2023-07-30T13:59:25.716000+00:00,44,30,6701,-6372,4393
2023-07-30T13:59:25.936000+00:00,44,30,6762,-6557,4403
2023-07-30T13:59:26.116000+00:00,44,30,6813,-6708,4409
2023-07-30T13:59:26.316000+00:00,44,30,6869,-6876,4418
2023-07-30T13:59:26.516000+00:00,44,30,6943,-7095,4428
2023-07-30T13:59:26.815000+00:00,44,30,7011,-7297,4438
2023-07-30T13:59:27.015000+00:00,44,30,7067,-7465,4446
2023-07-30T13:59:27.196000+00:00,44,30,7118,-7615,4454
2023-07-30T13:59:27.536000+00:00,44,30,7236,-7966,4471
2023-07-30T13:59:27.916000+00:00,44,30,7320,-8215,4483
2023-07-30T13:59:28.036000+00:00,44,30,7354,-8315,4488
2023-07-30T13:59:28.396000+00:00,44,30,7470,-8662,4504
2023-07-30T13:59:28.736000+00:00,44,30,7548,-8892,4515
2023-07-30T13:59:28.976000+00:00,44,30,7614,-9089,4524
2023-07-30T13:59:29.096000+00:00,44,30,7647,-9187,4529
2023-07-30T13:59:29.356000+00:00,44,30,7719,-9399,4540
2023-07-30T13:59:29.536000+00:00,44,30,7768,-9546,4547
2023-07-30T13:59:29.796000+00:00,44,30,7855,-9804,4559
2023-07-30T13:59:30.136000+00:00,44,30,7924,-10016,4570
2023-07-30T13:59:30.316000+00:00,44,30,7971,-10161,4577
2023-07-30T13:59:30.556000+00:00,44,30,8035,-10350,4586
2023-07-30T13:59:30.776000+00:00,44,30,8093,-10519,4594
2023-07-30T13:59:30.976000+00:00,44,30,8143,-10666,4600
2023-07-30T13:59:31.156000+00:00,44,30,8184,-10789,4606
2023-07-30T13:59:31.376000+00:00,44,30,8252,-11006,4617
2023-07-30T13:59:31.836000+00:00,44,30,8292,-11172,4624
2023-07-30T13:59:32.076000+00:00,44,30,8309,-11284,4628
2023-07-30T13:59:32.156000+00:00,44,30,8312,-11319,4629
2023-07-30T13:59:32.476000+00:00,44,30,8308,-11453,4634
2023-07-30T13:59:32.676000+00:00,44,30,8292,-11531,4637
2023-07-30T13:59:32.916000+00:00,44,30,8259,-11618,4640
2023-07-30T13:59:33.116000+00:00,44,30,8219,-11690,4643
2023-07-30T13:59:33.275000+00:00,44,30,8181,-11742,4646
2023-07-30T13:59:33.455000+00:00,44,30,8136,-11795,4650
2023-07-30T13:59:33.736000+00:00,44,30,8063,-11875,4654
2023-07-30T13:59:33.976000+00:00,44,30,7998,-11942,4656
2023-07-30T13:59:34.116000+00:00,44,30,7960,-11982,4657
2023-07-30T13:59:34.316000+00:00,44,30,7909,-12043,4659
2023-07-30T13:59:34.616000+00:00,44,30,7829,-12182,4662
2023-07-30T13:59:34.856000+00:00,44,30,7815,-12225,4664
2023-07-30T13:59:35.136000+00:00,44,30,7795,-12332,4666
2023-07-30T13:59:35.436000+00:00,44,30,7792,-12450,4669
2023-07-30T13:59:35.596000+00:00,44,30,7801,-12536,4671
2023-07-30T13:59:35.936000+00:00,44,30,7825,-12650,4673
2023-07-30T13:59:36.136000+00:00,44,30,7850,-12732,4674
2023-07-30T13:59:36.316000+00:00,44,30,7877,-12808,4675
2023-07-30T13:59:36.656000+00:00,44,30,7944,-12984,4677
2023-07-30T13:59:36.956000+00:00,44,30,7984,-13098,4678
2023-07-30T13:59:37.216000+00:00,44,30,8021,-13225,4679
2023-07-30T13:59:37.396000+00:00,44,30,8038,-13315,4678
2023-07-30T13:59:37.556000+00:00,44,30,8045,-13394,4678
2023-07-30T13:59:37.876000+00:00,44,30,8031,-13563,4677
2023-07-30T13:59:38.096000+00:00,44,30,8002,-13668,4676
2023-07-30T13:59:38.276000+00:00,44,30,7950,-13787,4674
2023-07-30T13:59:38.596000+00:00,44,30,7889,-13891,4674
2023-07-30T13:59:38.816000+00:00,44,30,7820,-13981,4674
2023-07-30T13:59:38.976000+00:00,44,30,7762,-14042,4673
2023-07-30T13:59:39.216000+00:00,44,30,7663,-14127,4671
2023-07-30T13:59:39.376000+00:00,44,30,7591,-14180,4669
2023-07-30T13:59:39.736000+00:00,44,30,7352,-14342,4662
2023-07-30T13:59:40.055000+00:00,44,30,7262,-14403,4658
2023-07-30T13:59:40.215000+00:00,44,30,7180,-14458,4655
2023-07-30T13:59:40.476000+00:00,44,30,7045,-14552,4650
2023-07-30T13:59:40.736000+00:00,44,30,6908,-14651,4644
2023-07-30T13:59:40.996000+00:00,44,30,6769,-14753,4637
2023-07-30T13:59:41.236000+00:00,44,30,6641,-14850,4630
2023-07-30T13:59:41.256000+00:00,44,30,6630,-14859,4630
2023-07-30T13:59:41.456000+00:00,44,30,6507,-14951,4623
2023-07-30T13:59:41.696000+00:00,44,30,6376,-15053,4615
2023-07-30T13:59:42.036000+00:00,44,30,6187,-15199,4604
2023-07-30T13:59:42.256000+00:00,44,30,6064,-15295,4596
2023-07-30T13:59:42.296000+00:00,44,30,6042,-15313,4594
2023-07-30T13:59:42.616000+00:00,44,30,5867,-15448,4581
2023-07-30T13:59:42.796000+00:00,44,30,5773,-15511,4574
2023-07-30T13:59:43.096000+00:00,44,30,5627,-15600,4561
2023-07-30T13:59:43.216000+00:00,44,30,5573,-15631,4557
2023-07-30T13:59:43.456000+00:00,44,30,5430,-15706,4547
2023-07-30T13:59:43.856000+00:00,44,30,5311,-15754,4536
2023-07-30T13:59:44.096000+00:00,44,30,5219,-15769,4531
2023-07-30T13:59:44.236000+00:00,44,30,5164,-15769,4527
2023-07-30T13:59:44.416000+00:00,44,30,5095,-15761,4522
2023-07-30T13:59:44.656000+00:00,44,30,4966,-15716,4512
2023-07-30T13:59:45.016000+00:00,44,30,4903,-15673,4505
2023-07-30T13:59:45.976000+00:00,44,30,4733,-15422,4481
2023-07-30T13:59:46.256000+00:00,44,30,4720,-15336,4476
2023-07-30T13:59:46.396000+00:00,44,30,4720,-15292,4473
2023-07-30T13:59:46.755000+00:00,44,30,4750,-15139,4460
2023-07-30T13:59:47.016000+00:00,44,30,4767,-15094,4456
2023-07-30T13:59:47.376000+00:00,44,30,4831,-14982,4445
2023-07-30T13:59:47.576000+00:00,44,30,4878,-14923,4441
2023-07-30T13:59:47.736000+00:00,44,30,4951,-14849,4436
2023-07-30T13:59:48.096000+00:00,44,30,5035,-14778,4428
2023-07-30T13:59:48.256000+00:00,44,30,5091,-14736,4423
2023-07-30T13:59:48.516000+00:00,44,30,5191,-14668,4414
2023-07-30T13:59:48.716000+00:00,44,30,5276,-14618,4407
2023-07-30T13:59:48.956000+00:00,44,30,5384,-14559,4398
2023-07-30T13:59:49.196000+00:00,44,30,5496,-14501,4388
2023-07-30T13:59:49.436000+00:00,44,30,5633,-14426,4377
2023-07-30T13:59:49.596000+00:00,44,30,5710,-14380,4373
2023-07-30T13:59:49.856000+00:00,44,30,5868,-14264,4358
2023-07-30T13:59:50.296000+00:00,44,30,5989,-14138,4344
2023-07-30T13:59:50.436000+00:00,44,30,6030,-14080,4340
2023-07-30T13:59:50.676000+00:00,44,30,6094,-13948,4330
2023-07-30T13:59:51.096000+00:00,44,30,6127,-13710,4314
2023-07-30T13:59:51.336000+00:00,44,30,6123,-13648,4310
2023-07-30T13:59:51.576000+00:00,44,30,6105,-13523,4302
2023-07-30T13:59:51.736000+00:00,44,30,6085,-13439,4298
2023-07-30T13:59:52.076000+00:00,44,30,6027,-13261,4290
2023-07-30T13:59:52.296000+00:00,44,30,5979,-13145,4279
2023-07-30T13:59:52.376000+00:00,44,30,5961,-13102,4271
2023-07-30T13:59:52.656000+00:00,44,30,5896,-12948,4258
2023-07-30T13:59:52.876000+00:00,44,30,5843,-12822,4248
2023-07-30T13:59:53.115000+00:00,44,30,5785,-12681,4236
2023-07-30T13:59:53.275000+00:00,44,30,5745,-12583,4228
2023-07-30T13:59:53.496000+00:00,44,30,5691,-12444,4218
2023-07-30T13:59:53.696000+00:00,44,30,5644,-12317,4209
2023-07-30T13:59:53.996000+00:00,44,30,5579,-12119,4195
2023-07-30T13:59:54.176000+00:00,44,30,5521,-11914,4179
2023-07-30T13:59:54.436000+00:00,44,30,5495,-11816,4172
2023-07-30T13:59:54.736000+00:00,44,30,5442,-11604,4157
2023-07-30T13:59:54.956000+00:00,44,30,5403,-11443,4146
2023-07-30T13:59:55.216000+00:00,44,30,5359,-11251,4132
2023-07-30T13:59:55.336000+00:00,44,30,5339,-11160,4126
2023-07-30T13:59:55.576000+00:00,44,30,5281,-10885,4107
2023-07-30T13:59:55.976000+00:00,44,30,5222,-10606,4087
2023-07-30T13:59:56.276000+00:00,44,30,5186,-10435,4075
2023-07-30T13:59:56.536000+00:00,44,30,5142,-10231,4060
2023-07-30T13:59:56.796000+00:00,44,30,5083,-9962,4041
2023-07-30T13:59:57.176000+00:00,44,30,5030,-9726,4024
2023-07-30T13:59:57.476000+00:00,44,30,4944,-9400,4000
2023-07-30T13:59:57.756000+00:00,44,30,4908,-9303,3993
2023-07-30T13:59:57.996000+00:00,44,30,4792,-9073,3973
2023-07-30T13:59:58.496000+00:00,44,30,4556,-8801,3948
2023-07-30T13:59:58.816000+00:00,44,30,4459,-8726,3942
2023-07-30T13:59:58.996000+00:00,44,30,4356,-8663,3935
2023-07-30T13:59:59.256000+00:00,44,30,4198,-8594,3924
2023-07-30T13:59:59.396000+00:00,44,30,4107,-8571,3918
2023-07-30T13:59:59.735000+00:00,44,30,3837,-8543,3901
2023-07-30T14:00:00.156000+00:00,44,30,3567,-8535,3879
2023-07-30T14:00:00.316000+00:00,44,30,3452,-8537,3872
2023-07-30T14:00:00.416000+00:00,44,30,3380,-8541,3867
2023-07-30T14:00:00.596000+00:00,44,30,3251,-8554,3857
2023-07-30T14:00:00.936000+00:00,44,30,2918,-8657,3833
2023-07-30T14:00:01.396000+00:00,44,30,2697,-8785,3818
2023-07-30T14:00:01.596000+00:00,44,30,2530,-8911,3807
2023-07-30T14:00:02.016000+00:00,44,30,2303,-9140,3791
2023-07-30T14:00:02.296000+00:00,44,30,2199,-9276,3784
2023-07-30T14:00:02.516000+00:00,44,30,2106,-9420,3778
2023-07-30T14:00:02.756000+00:00,44,30,1985,-9658,3771
2023-07-30T14:00:03.156000+00:00,44,30,1894,-9877,3764
2023-07-30T14:00:03.336000+00:00,44,30,1848,-10012,3760
2023-07-30T14:00:03.656000+00:00,44,30,1763,-10287,3753
2023-07-30T14:00:03.976000+00:00,44,30,1695,-10499,3749
2023-07-30T14:00:04.256000+00:00,44,30,1592,-10818,3746
2023-07-30T14:00:04.556000+00:00,44,30,1553,-10940,3745
2023-07-30T14:00:04.716000+00:00,44,30,1514,-11062,3745
2023-07-30T14:00:05.096000+00:00,44,30,1404,-11404,3746
2023-07-30T14:00:05.376000+00:00,44,30,1350,-11574,3746
2023-07-30T14:00:05.536000+00:00,44,30,1310,-11697,3748
2023-07-30T14:00:05.776000+00:00,44,30,1251,-11882,3750
2023-07-30T14:00:05.996000+00:00,44,30,1196,-12048,3753
2023-07-30T14:00:06.155000+00:00,44,30,1156,-12163,3754
2023-07-30T14:00:06.355000+00:00,44,30,1105,-12297,3755
2023-07-30T14:00:06.636000+00:00,44,30,1030,-12459,3756
2023-07-30T14:00:06.836000+00:00,44,30,971,-12560,3756
2023-07-30T14:00:07.136000+00:00,44,30,870,-12689,3757
2023-07-30T14:00:07.316000+00:00,44,30,804,-12755,3758
2023-07-30T14:00:07.496000+00:00,44,30,736,-12814,3759
2023-07-30T14:00:07.756000+00:00,44,30,592,-12902,3761
2023-07-30T14:00:08.016000+00:00,44,30,522,-12928,3761
2023-07-30T14:00:08.296000+00:00,44,30,397,-12952,3762
2023-07-30T14:00:08.396000+00:00,44,30,351,-12955,3763
2023-07-30T14:00:08.736000+00:00,44,30,139,-12938,3764
2023-07-30T14:00:09.056000+00:00,44,30,62,-12916,3764
2023-07-30T14:00:09.416000+00:00,44,30,-87,-12844,3765
2023-07-30T14:00:09.596000+00:00,44,30,-218,-12773,3766
2023-07-30T14:00:09.976000+00:00,44,30,-371,-12708,3766
2023-07-30T14:00:10.256000+00:00,44,30,-457,-12683,3766
2023-07-30T14:00:10.496000+00:00,44,30,-573,-12665,3765
2023-07-30T14:00:10.736000+00:00,44,30,-759,-12678,3763
2023-07-30T14:00:11.096000+00:00,44,30,-863,-12703,3762
2023-07-30T14:00:11.416000+00:00,44,30,-1008,-12763,3761
2023-07-30T14:00:11.536000+00:00,44,30,-1059,-12791,3760
2023-07-30T14:00:11.776000+00:00,44,30,-1157,-12860,3759
2023-07-30T14:00:12.056000+00:00,44,30,-1262,-12958,3758
2023-07-30T14:00:12.256000+00:00,44,30,-1333,-13037,3758
2023-07-30T14:00:12.496000+00:00,44,30,-1413,-13141,3757
2023-07-30T14:00:12.735000+00:00,44,30,-1501,-13270,3754
2023-07-30T14:00:12.975000+00:00,44,30,-1560,-13369,3752
2023-07-30T14:00:13.296000+00:00,44,30,-1649,-13536,3749
2023-07-30T14:00:13.556000+00:00,44,30,-1718,-13677,3745
2023-07-30T14:00:13.636000+00:00,44,30,-1739,-13721,3744
2023-07-30T14:00:13.816000+00:00,44,30,-1786,-13822,3741
2023-07-30T14:00:13.976000+00:00,44,30,-1840,-13937,3738
2023-07-30T14:00:14.276000+00:00,44,30,-1932,-14123,3734
2023-07-30T14:00:14.556000+00:00,44,30,-2017,-14283,3730
2023-07-30T14:00:14.776000+00:00,44,30,-2083,-14397,3727
2023-07-30T14:00:14.976000+00:00,44,30,-2164,-14529,3722
2023-07-30T14:00:15.276000+00:00,44,30,-2227,-14618,3718
2023-07-30T14:00:15.476000+00:00,44,30,-2287,-14688,3714
2023-07-30T14:00:15.656000+00:00,44,30,-2346,-14743,3711
2023-07-30T14:00:15.956000+00:00,44,30,-2481,-14831,3705
2023-07-30T14:00:16.416000+00:00,44,30,-2626,-14878,3699
2023-07-30T14:00:16.496000+00:00,44,30,-2657,-14882,3698
2023-07-30T14:00:16.736000+00:00,44,30,-2755,-14879,3694
2023-07-30T14:00:16.976000+00:00,44,30,-2910,-14854,3688
2023-07-30T14:00:17.376000+00:00,44,30,-3072,-14800,3682
2023-07-30T14:00:17.876000+00:00,44,30,-3227,-14721,3677
2023-07-30T14:00:18.296000+00:00,44,30,-3391,-14622,3672
2023-07-30T14:00:18.636000+00:00,44,30,-3530,-14531,3668
2023-07-30T14:00:18.856000+00:00,44,30,-3696,-14412,3664
2023-07-30T14:00:19.296000+00:00,44,30,-3851,-14284,3659
2023-07-30T14:00:19.455000+00:00,44,30,-3922,-14218,3658
2023-07-30T14:00:19.695000+00:00,44,30,-4064,-14059,3655
2023-07-30T14:00:20.096000+00:00,44,30,-4205,-13843,3655
2023-07-30T14:00:20.536000+00:00,44,30,-4292,-13641,3657
2023-07-30T14:00:20.616000+00:00,44,30,-4307,-13591,3657
2023-07-30T14:00:20.836000+00:00,44,30,-4332,-13452,3659
2023-07-30T14:00:21.156000+00:00,44,30,-4331,-13182,3665
2023-07-30T14:00:21.436000+00:00,44,30,-4316,-13047,3669
2023-07-30T14:00:21.796000+00:00,44,30,-4261,-12777,3678
2023-07-30T14:00:22.156000+00:00,44,30,-4195,-12561,3686
2023-07-30T14:00:22.316000+00:00,44,30,-4155,-12454,3689
2023-07-30T14:00:22.516000+00:00,44,30,-4099,-12321,3693
2023-07-30T14:00:22.776000+00:00,44,30,-4016,-12150,3699
2023-07-30T14:00:22.936000+00:00,44,30,-3959,-12047,3703
2023-07-30T14:00:23.196000+00:00,44,30,-3858,-11880,3709
2023-07-30T14:00:23.356000+00:00,44,30,-3792,-11780,3713
2023-07-30T14:00:23.516000+00:00,44,30,-3723,-11680,3716
2023-07-30T14:00:23.796000+00:00,44,30,-3547,-11446,3726
2023-07-30T14:00:24.196000+00:00,44,30,-3398,-11265,3733
2023-07-30T14:00:24.436000+00:00,44,30,-3273,-11122,3740
2023-07-30T14:00:24.576000+00:00,44,30,-3197,-11040,3743
2023-07-30T14:00:24.756000+00:00,44,30,-3098,-10935,3747
2023-07-30T14:00:24.916000+00:00,44,30,-3008,-10843,3752
2023-07-30T14:00:25.156000+00:00,44,30,-2869,-10707,3758
2023-07-30T14:00:25.396000+00:00,44,30,-2651,-10509,3766
2023-07-30T14:00:25.776000+00:00,44,30,-2407,-10310,3775
2023-07-30T14:00:26.115000+00:00,44,30,-2259,-10201,3779
2023-07-30T14:00:26.315000+00:00,44,30,-2121,-10106,3783
2023-07-30T14:00:26.616000+00:00,44,30,-1887,-9959,3789
2023-07-30T14:00:26.896000+00:00,44,30,-1607,-9799,3796
2023-07-30T14:00:27.236000+00:00,44,30,-1430,-9697,3801
2023-07-30T14:00:27.496000+00:00,44,30,-1134,-9524,3808
2023-07-30T14:00:27.816000+00:00,44,30,-999,-9446,3811
2023-07-30T14:00:27.976000+00:00,44,30,-880,-9377,3814
2023-07-30T14:00:28.196000+00:00,44,30,-715,-9283,3818
2023-07-30T14:00:28.456000+00:00,44,30,-522,-9166,3822
2023-07-30T14:00:28.656000+00:00,44,30,-377,-9071,3826
2023-07-30T14:00:28.916000+00:00,44,30,-194,-8938,3831
2023-07-30T14:00:29.096000+00:00,44,30,-73,-8839,3834
2023-07-30T14:00:29.256000+00:00,44,30,30,-8746,3837
2023-07-30T14:00:29.436000+00:00,44,30,143,-8636,3841
2023-07-30T14:00:29.716000+00:00,44,30,307,-8455,3846
2023-07-30T14:00:29.996000+00:00,44,30,454,-8260,3852
2023-07-30T14:00:30.156000+00:00,44,30,531,-8142,3855
2023-07-30T14:00:30.336000+00:00,44,30,611,-8004,3859
2023-07-30T14:00:30.496000+00:00,44,30,678,-7880,3864
2023-07-30T14:00:30.736000+00:00,44,30,773,-7691,3869
2023-07-30T14:00:30.836000+00:00,44,30,810,-7611,3872
2023-07-30T14:00:31.216000+00:00,44,30,995,-7191,3885
2023-07-30T14:00:31.576000+00:00,44,30,1114,-6896,3894
2023-07-30T14:00:31.976000+00:00,44,30,1193,-6681,3900
2023-07-30T14:00:32.216000+00:00,44,30,1256,-6479,3905
2023-07-30T14:00:32.436000+00:00,44,30,1303,-6292,3909
2023-07-30T14:00:32.695000+00:00,44,30,1337,-6071,3914
2023-07-30T14:00:32.835000+00:00,44,30,1343,-5947,3917
2023-07-30T14:00:33.096000+00:00,44,30,1322,-5612,3926
2023-07-30T14:00:33.436000+00:00,44,30,1279,-5408,3932
2023-07-30T14:00:33.676000+00:00,44,30,1212,-5200,3936
2023-07-30T14:00:33.836000+00:00,44,30,1126,-4968,3941
2023-07-30T14:00:34.256000+00:00,44,30,1027,-4723,3943
2023-07-30T14:00:34.496000+00:00,44,30,945,-4528,3945
2023-07-30T14:00:34.676000+00:00,44,30,882,-4383,3946
2023-07-30T14:00:34.956000+00:00,44,30,769,-4126,3950
2023-07-30T14:00:35.316000+00:00,44,30,611,-3755,3958
2023-07-30T14:00:35.656000+00:00,44,30,544,-3593,3962
2023-07-30T14:00:35.836000+00:00,44,30,485,-3447,3965
2023-07-30T14:00:36.056000+00:00,44,30,418,-3268,3970
2023-07-30T14:00:36.256000+00:00,44,30,362,-3104,3976
2023-07-30T14:00:36.516000+00:00,44,30,305,-2885,3983
2023-07-30T14:00:36.696000+00:00,44,30,271,-2731,3988
2023-07-30T14:00:36.936000+00:00,44,30,227,-2528,3996
2023-07-30T14:00:37.156000+00:00,44,30,183,-2308,4004
2023-07-30T14:00:37.456000+00:00,44,30,155,-2161,4010
2023-07-30T14:00:37.776000+00:00,44,30,110,-1905,4020
2023-07-30T14:00:37.976000+00:00,44,30,85,-1754,4026
2023-07-30T14:00:38.276000+00:00,44,30,50,-1528,4033
2023-07-30T14:00:38.656000+00:00,44,30,12,-1273,4043
2023-07-30T14:00:39.075000+00:00,44,30,-2,-1150,4047
2023-07-30T14:00:39.275000+00:00,44,30,-12,-1026,4051
2023-07-30T14:00:39.716000+00:00,44,30,-10,-912,4055
2023-07-30T14:00:39.976000+00:00,44,30,-4,-839,4057
2023-07-30T14:00:40.316000+00:00,44,30,11,-748,4059
2023-07-30T14:00:40.476000+00:00,44,30,23,-710,4059
2023-07-30T14:00:40.676000+00:00,44,30,53,-650,4063
2023-07-30T14:00:41.056000+00:00,44,30,96,-601,4067
2023-07-30T14:00:41.316000+00:00,44,30,152,-569,4070
2023-07-30T14:00:41.616000+00:00,44,30,198,-557,4071
2023-07-30T14:00:41.796000+00:00,44,30,234,-553,4072
2023-07-30T14:00:41.976000+00:00,44,30,270,-552,4073
2023-07-30T14:00:42.316000+00:00,44,30,355,-547,4076
2023-07-30T14:00:42.756000+00:00,44,30,454,-517,4078
2023-07-30T14:00:43.096000+00:00,44,30,487,-494,4080
2023-07-30T14:00:43.356000+00:00,44,30,519,-456,4083
2023-07-30T14:00:43.536000+00:00,44,30,534,-426,4084
2023-07-30T14:00:43.796000+00:00,44,30,547,-380,4087
2023-07-30T14:00:43.956000+00:00,44,30,550,-351,4088
2023-07-30T14:00:44.216000+00:00,44,30,548,-288,4093
2023-07-30T14:00:44.636000+00:00,44,30,535,-224,4096
2023-07-30T14:00:44.836000+00:00,44,30,521,-177,4097
2023-07-30T14:00:45.196000+00:00,44,30,480,-82,4100
2023-07-30T14:00:45.476000+00:00,44,30,464,-51,4101
2023-07-30T14:00:45.715000+00:00,44,30,433,2,4103
2023-07-30T14:00:46.035000+00:00,44,30,383,81,4106
2023-07-30T14:00:46.276000+00:00,44,30,342,144,4108
2023-07-30T14:00:46.436000+00:00,44,30,311,189,4109
2023-07-30T14:00:46.636000+00:00,44,30,271,248,4111
2023-07-30T14:00:46.856000+00:00,44,30,225,315,4113
2023-07-30T14:00:47.056000+00:00,44,30,165,402,4116
2023-07-30T14:00:47.436000+00:00,44,30,86,520,4119
2023-07-30T14:00:47.596000+00:00,44,30,44,583,4121
2023-07-30T14:00:47.836000+00:00,44,30,-49,725,4124
2023-07-30T14:00:48.316000+00:00,44,30,-183,928,4129
2023-07-30T14:00:48.496000+00:00,44,30,-285,1081,4133
2023-07-30T14:00:48.896000+00:00,44,30,-371,1210,4135
2023-07-30T14:00:49.116000+00:00,44,30,-480,1376,4138
2023-07-30T13:58:56.436000+00:00,16,30,-478,1372,4138
2023-07-30T13:58:56.616000+00:00,16,30,-542,1469,4141
2023-07-30T13:58:56.896000+00:00,16,30,-644,1623,4144
2023-07-30T13:58:57.056000+00:00,16,30,-703,1712,4146
2023-07-30T13:58:57.376000+00:00,16,30,-826,1898,4150
2023-07-30T13:58:57.576000+00:00,16,30,-900,2009,4153
2023-07-30T13:58:57.816000+00:00,16,30,-999,2159,4156
2023-07-30T13:58:57.976000+00:00,16,30,-1063,2255,4158
2023-07-30T13:58:58.216000+00:00,16,30,-1155,2395,4161
2023-07-30T13:58:58.416000+00:00,16,30,-1240,2523,4164
2023-07-30T13:58:58.636000+00:00,16,30,-1326,2652,4167
2023-07-30T13:58:58.816000+00:00,16,30,-1403,2769,4170
2023-07-30T13:58:58.976000+00:00,16,30,-1469,2868,4172
2023-07-30T13:58:59.276000+00:00,16,30,-1635,3119,4178
2023-07-30T13:58:59.596000+00:00,16,30,-1723,3251,4182
2023-07-30T13:58:59.936000+00:00,16,30,-1860,3459,4189
2023-07-30T13:59:00.136000+00:00,16,30,-1973,3629,4197
2023-07-30T13:59:00.475000+00:00,16,30,-2067,3774,4205
2023-07-30T13:59:00.715000+00:00,16,30,-2165,3931,4213
2023-07-30T13:59:01.156000+00:00,16,30,-2222,4034,4217
2023-07-30T13:59:01.356000+00:00,16,30,-2271,4144,4221
2023-07-30T13:59:01.676000+00:00,16,30,-2289,4196,4222
2023-07-30T13:59:01.816000+00:00,16,30,-2299,4235,4223
2023-07-30T13:59:02.156000+00:00,16,30,-2308,4349,4223
2023-07-30T13:59:02.576000+00:00,16,30,-2296,4417,4218
2023-07-30T13:59:02.696000+00:00,16,30,-2287,4440,4217
2023-07-30T13:59:02.936000+00:00,16,30,-2262,4480,4219
2023-07-30T13:59:03.236000+00:00,16,30,-2219,4518,4219
2023-07-30T13:59:03.436000+00:00,16,30,-2175,4538,4218
2023-07-30T13:59:03.856000+00:00,16,30,-2080,4547,4214
2023-07-30T13:59:04.196000+00:00,16,30,-2040,4541,4212
2023-07-30T13:59:05.016000+00:00,16,30,-1863,4488,4203
2023-07-30T13:59:05.336000+00:00,16,30,-1779,4454,4199
2023-07-30T13:59:05.576000+00:00,16,30,-1711,4424,4195
2023-07-30T13:59:05.756000+00:00,16,30,-1658,4398,4190
2023-07-30T13:59:05.976000+00:00,16,30,-1573,4357,4184
2023-07-30T13:59:06.296000+00:00,16,30,-1477,4308,4176
2023-07-30T13:59:06.536000+00:00,16,30,-1338,4237,4166
2023-07-30T13:59:07.015000+00:00,16,30,-1163,4147,4154
2023-07-30T13:59:07.315000+00:00,16,30,-1035,4082,4144
2023-07-30T13:59:07.496000+00:00,16,30,-947,4037,4138
2023-07-30T13:59:07.716000+00:00,16,30,-834,3978,4129
2023-07-30T13:59:07.856000+00:00,16,30,-760,3939,4123
2023-07-30T13:59:08.116000+00:00,16,30,-621,3863,4113
2023-07-30T13:59:08.316000+00:00,16,30,-517,3804,4105
2023-07-30T13:59:08.636000+00:00,16,30,-334,3693,4091
2023-07-30T13:59:08.836000+00:00,16,30,-223,3621,4083
2023-07-30T13:59:09.056000+00:00,16,30,-103,3539,4074
2023-07-30T13:59:09.296000+00:00,16,30,30,3442,4064
2023-07-30T13:59:09.496000+00:00,16,30,177,3331,4054
2023-07-30T13:59:09.916000+00:00,16,30,459,3101,4035
2023-07-30T13:59:10.256000+00:00,16,30,570,3000,4029
2023-07-30T13:59:10.436000+00:00,16,30,669,2906,4022
2023-07-30T13:59:10.756000+00:00,16,30,842,2733,4009
2023-07-30T13:59:10.816000+00:00,16,30,869,2705,4008
2023-07-30T13:59:11.176000+00:00,16,30,1103,2464,3990
2023-07-30T13:59:11.436000+00:00,16,30,1208,2355,3982
2023-07-30T13:59:11.736000+00:00,16,30,1378,2175,3970
2023-07-30T13:59:11.976000+00:00,16,30,1505,2040,3961
2023-07-30T13:59:12.176000+00:00,16,30,1699,1832,3946
2023-07-30T13:59:12.456000+00:00,16,30,1778,1748,3941
2023-07-30T13:59:12.776000+00:00,16,30,1951,1560,3929
2023-07-30T13:59:12.856000+00:00,16,30,2002,1504,3925
2023-07-30T13:59:13.036000+00:00,16,30,2103,1394,3919
2023-07-30T13:59:13.396000+00:00,16,30,2297,1174,3906
2023-07-30T13:59:13.595000+00:00,16,30,2448,1004,3897
2023-07-30T13:59:13.935000+00:00,16,30,2609,830,3889
2023-07-30T13:59:14.236000+00:00,16,30,2841,613,3886
2023-07-30T13:59:14.476000+00:00,16,30,2947,540,3888
2023-07-30T13:59:14.776000+00:00,16,30,3220,406,3904
2023-07-30T13:59:15.076000+00:00,16,30,3437,276,3932
2023-07-30T13:59:15.296000+00:00,16,30,3574,154,3957
2023-07-30T13:59:15.456000+00:00,16,30,3659,52,3975
2023-07-30T13:59:15.656000+00:00,16,30,3748,-93,4001
2023-07-30T13:59:16.516000+00:00,16,30,3967,-780,4091
2023-07-30T13:59:16.796000+00:00,16,30,4003,-1002,4111
2023-07-30T13:59:17.016000+00:00,16,30,4098,-1275,4131
2023-07-30T13:59:17.416000+00:00,16,30,4275,-1594,4150
2023-07-30T13:59:17.736000+00:00,16,30,4366,-1737,4157
2023-07-30T13:59:18.056000+00:00,16,30,4548,-2010,4172
2023-07-30T13:59:18.476000+00:00,16,30,4722,-2242,4185
2023-07-30T13:59:18.636000+00:00,16,30,4881,-2453,4197
2023-07-30T13:59:19.016000+00:00,16,30,5003,-2618,4206
2023-07-30T13:59:19.216000+00:00,16,30,5099,-2749,4213
2023-07-30T13:59:19.456000+00:00,16,30,5219,-2915,4223
2023-07-30T13:59:19.736000+00:00,16,30,5420,-3204,4238
2023-07-30T13:59:20.036000+00:00,16,30,5506,-3333,4245
2023-07-30T13:59:20.235000+00:00,16,30,5598,-3479,4253
2023-07-30T13:59:20.415000+00:00,16,30,5676,-3612,4259
2023-07-30T13:59:20.656000+00:00,16,30,5775,-3793,4269
2023-07-30T13:59:20.936000+00:00,16,30,5911,-4073,4282
2023-07-30T13:59:21.376000+00:00,16,30,6061,-4451,4303
2023-07-30T13:59:21.776000+00:00,16,30,6139,-4681,4314
2023-07-30T13:59:21.916000+00:00,16,30,6180,-4804,4320
2023-07-30T13:59:22.096000+00:00,16,30,6229,-4952,4326
2023-07-30T13:59:22.256000+00:00,16,30,6272,-5084,4332
2023-07-30T13:59:22.576000+00:00,16,30,6360,-5348,4345
2023-07-30T13:59:22.836000+00:00,16,30,6431,-5562,4355
2023-07-30T13:59:22.916000+00:00,16,30,6453,-5628,4358
2023-07-30T13:59:23.216000+00:00,16,30,6536,-5876,4370
2023-07-30T13:59:23.416000+00:00,16,30,6591,-6041,4377
2023-07-30T13:59:23.616000+00:00,16,30,6659,-6245,4388
2023-07-30T13:59:23.936000+00:00,16,30,6725,-6444,4397
2023-07-30T13:59:24.216000+00:00,16,30,6802,-6677,4408
2023-07-30T13:59:24.436000+00:00,16,30,6897,-6959,4421
2023-07-30T13:59:24.756000+00:00,16,30,6953,-7126,4430
2023-07-30T13:59:24.956000+00:00,16,30,7006,-7283,4437
2023-07-30T13:59:25.316000+00:00,16,30,7121,-7623,4454
2023-07-30T13:59:25.716000+00:00,16,30,7218,-7913,4468
2023-07-30T13:59:25.936000+00:00,16,30,7282,-8103,4477
2023-07-30T13:59:26.116000+00:00,16,30,7332,-8251,4485
2023-07-30T13:59:26.316000+00:00,16,30,7387,-8415,4492
2023-07-30T13:59:26.516000+00:00,16,30,7459,-8628,4502
2023-07-30T13:59:26.815000+00:00,16,30,7525,-8824,4512
2023-07-30T13:59:27.015000+00:00,16,30,7580,-8987,4520
2023-07-30T13:59:27.196000+00:00,16,30,7629,-9133,4526
2023-07-30T13:59:27.536000+00:00,16,30,7744,-9474,4543
2023-07-30T13:59:27.916000+00:00,16,30,7830,-9728,4556
2023-07-30T13:59:28.036000+00:00,16,30,7862,-9825,4560
2023-07-30T13:59:28.396000+00:00,16,30,7970,-10158,4577
2023-07-30T13:59:28.736000+00:00,16,30,8043,-10375,4587
2023-07-30T13:59:28.976000+00:00,16,30,8110,-10570,4597
2023-07-30T13:59:29.096000+00:00,16,30,8141,-10660,4600
2023-07-30T13:59:29.356000+00:00,16,30,8199,-10835,4609
2023-07-30T13:59:29.536000+00:00,16,30,8234,-10945,4614
2023-07-30T13:59:29.796000+00:00,16,30,8283,-11129,4622
2023-07-30T13:59:30.136000+00:00,16,30,8307,-11263,4627
2023-07-30T13:59:30.316000+00:00,16,30,8313,-11341,4630
2023-07-30T13:59:30.556000+00:00,16,30,8308,-11451,4634
2023-07-30T13:59:30.776000+00:00,16,30,8289,-11541,4638
2023-07-30T13:59:30.976000+00:00,16,30,8260,-11619,4640
2023-07-30T13:59:31.156000+00:00,16,30,8226,-11680,4643
2023-07-30T13:59:31.376000+00:00,16,30,8149,-11781,4649
2023-07-30T13:59:31.836000+00:00,16,30,8058,-11880,4654
2023-07-30T13:59:32.076000+00:00,16,30,7990,-11950,4656
2023-07-30T13:59:32.156000+00:00,16,30,7968,-11974,4657
2023-07-30T13:59:32.476000+00:00,16,30,7886,-12074,4660
2023-07-30T13:59:32.676000+00:00,16,30,7847,-12140,4662
2023-07-30T13:59:32.916000+00:00,16,30,7814,-12226,4664
2023-07-30T13:59:33.116000+00:00,16,30,7798,-12303,4665
2023-07-30T13:59:33.275000+00:00,16,30,7792,-12366,4667
2023-07-30T13:59:33.455000+00:00,16,30,7791,-12438,4669
2023-07-30T13:59:33.736000+00:00,16,30,7803,-12552,4671
2023-07-30T13:59:33.976000+00:00,16,30,7826,-12650,4673
2023-07-30T13:59:34.116000+00:00,16,30,7843,-12708,4673
2023-07-30T13:59:34.316000+00:00,16,30,7871,-12792,4675
2023-07-30T13:59:34.616000+00:00,16,30,7939,-12971,4677
2023-07-30T13:59:34.856000+00:00,16,30,7961,-13031,4677
2023-07-30T13:59:35.136000+00:00,16,30,8004,-13159,4678
2023-07-30T13:59:35.436000+00:00,16,30,8038,-13311,4678
2023-07-30T13:59:35.596000+00:00,16,30,8046,-13415,4678
2023-07-30T13:59:35.936000+00:00,16,30,8029,-13574,4677
2023-07-30T13:59:36.136000+00:00,16,30,8001,-13672,4676
2023-07-30T13:59:36.316000+00:00,16,30,7965,-13757,4675
2023-07-30T13:59:36.656000+00:00,16,30,7857,-13937,4674
2023-07-30T13:59:36.956000+00:00,16,30,7771,-14034,4673
2023-07-30T13:59:37.216000+00:00,16,30,7659,-14130,4671
2023-07-30T13:59:37.396000+00:00,16,30,7574,-14191,4669
2023-07-30T13:59:37.556000+00:00,16,30,7496,-14245,4666
2023-07-30T13:59:37.876000+00:00,16,30,7336,-14353,4661
2023-07-30T13:59:38.096000+00:00,16,30,7222,-14430,4657
2023-07-30T13:59:38.276000+00:00,16,30,7084,-14525,4651
2023-07-30T13:59:38.596000+00:00,16,30,6956,-14616,4645
2023-07-30T13:59:38.816000+00:00,16,30,6839,-14702,4640
2023-07-30T13:59:38.976000+00:00,16,30,6753,-14765,4636
2023-07-30T13:59:39.216000+00:00,16,30,6617,-14868,4628
2023-07-30T13:59:39.376000+00:00,16,30,6513,-14947,4624
2023-07-30T13:59:39.736000+00:00,16,30,6237,-15160,4607
2023-07-30T13:59:40.055000+00:00,16,30,6136,-15239,4601
2023-07-30T13:59:40.215000+00:00,16,30,6046,-15310,4595
2023-07-30T13:59:40.476000+00:00,16,30,5901,-15422,4583
2023-07-30T13:59:40.736000+00:00,16,30,5762,-15519,4573
2023-07-30T13:59:40.996000+00:00,16,30,5632,-15598,4563
2023-07-30T13:59:41.236000+00:00,16,30,5520,-15660,4553
2023-07-30T13:59:41.256000+00:00,16,30,5511,-15665,4553
2023-07-30T13:59:41.456000+00:00,16,30,5425,-15709,4545
2023-07-30T13:59:41.696000+00:00,16,30,5327,-15749,4537
2023-07-30T13:59:42.036000+00:00,16,30,5193,-15770,4529
2023-07-30T13:59:42.256000+00:00,16,30,5106,-15763,4522
2023-07-30T13:59:42.296000+00:00,16,30,5091,-15760,4522
2023-07-30T13:59:42.616000+00:00,16,30,4979,-15723,4513
2023-07-30T13:59:42.796000+00:00,16,30,4924,-15689,4507
2023-07-30T13:59:43.096000+00:00,16,30,4873,-15647,4502
2023-07-30T13:59:43.216000+00:00,16,30,4848,-15621,4499
2023-07-30T13:59:43.456000+00:00,16,30,4780,-15534,4490
2023-07-30T13:59:43.856000+00:00,16,30,4740,-15446,4482
2023-07-30T13:59:44.096000+00:00,16,30,4724,-15372,4477
2023-07-30T13:59:44.236000+00:00,16,30,4720,-15331,4475
2023-07-30T13:59:44.416000+00:00,16,30,4721,-15274,4471
2023-07-30T13:59:44.656000+00:00,16,30,4747,-15147,4461
2023-07-30T13:59:45.016000+00:00,16,30,4774,-15079,4455
2023-07-30T13:59:45.976000+00:00,16,30,5016,-14794,4429
2023-07-30T13:59:46.256000+00:00,16,30,5116,-14718,4421
2023-07-30T13:59:46.396000+00:00,16,30,5170,-14682,4416
2023-07-30T13:59:46.755000+00:00,16,30,5379,-14562,4398
2023-07-30T13:59:47.016000+00:00,16,30,5445,-14527,4393
2023-07-30T13:59:47.376000+00:00,16,30,5634,-14425,4377
2023-07-30T13:59:47.576000+00:00,16,30,5731,-14366,4371
2023-07-30T13:59:47.736000+00:00,16,30,5846,-14283,4360
2023-07-30T13:59:48.096000+00:00,16,30,5954,-14180,4348
2023-07-30T13:59:48.256000+00:00,16,30,6006,-14115,4342
2023-07-30T13:59:48.516000+00:00,16,30,6074,-14000,4334
2023-07-30T13:59:48.716000+00:00,16,30,6106,-13906,4328
2023-07-30T13:59:48.956000+00:00,16,30,6125,-13786,4320
2023-07-30T13:59:49.196000+00:00,16,30,6125,-13664,4311
2023-07-30T13:59:49.436000+00:00,16,30,6110,-13547,4304
2023-07-30T13:59:49.596000+00:00,16,30,6091,-13460,4300
2023-07-30T13:59:49.856000+00:00,16,30,6034,-13280,4290
2023-07-30T13:59:50.296000+00:00,16,30,5958,-13094,4271
2023-07-30T13:59:50.436000+00:00,16,30,5925,-13018,4265
2023-07-30T13:59:50.676000+00:00,16,30,5857,-12855,4250
2023-07-30T13:59:51.096000+00:00,16,30,5740,-12569,4228
2023-07-30T13:59:51.336000+00:00,16,30,5712,-12499,4222
2023-07-30T13:59:51.576000+00:00,16,30,5655,-12347,4212
2023-07-30T13:59:51.736000+00:00,16,30,5619,-12244,4204
2023-07-30T13:59:52.076000+00:00,16,30,5549,-12015,4187
2023-07-30T13:59:52.296000+00:00,16,30,5507,-11863,4176
2023-07-30T13:59:52.376000+00:00,16,30,5492,-11807,4172
2023-07-30T13:59:52.656000+00:00,16,30,5443,-11607,4157
2023-07-30T13:59:52.876000+00:00,16,30,5404,-11448,4146
2023-07-30T13:59:53.115000+00:00,16,30,5365,-11280,4134
2023-07-30T13:59:53.275000+00:00,16,30,5338,-11154,4125
2023-07-30T13:59:53.496000+00:00,16,30,5305,-10998,4115
2023-07-30T13:59:53.696000+00:00,16,30,5271,-10840,4104
2023-07-30T13:59:53.996000+00:00,16,30,5223,-10613,4088
2023-07-30T13:59:54.176000+00:00,16,30,5176,-10390,4071
2023-07-30T13:59:54.436000+00:00,16,30,5151,-10275,4063
2023-07-30T13:59:54.736000+00:00,16,30,5100,-10043,4047
2023-07-30T13:59:54.956000+00:00,16,30,5063,-9872,4035
2023-07-30T13:59:55.216000+00:00,16,30,5017,-9669,4020
2023-07-30T13:59:55.336000+00:00,16,30,4995,-9576,4013
2023-07-30T13:59:55.576000+00:00,16,30,4923,-9341,3996
2023-07-30T13:59:55.976000+00:00,16,30,4809,-9099,3976
2023-07-30T13:59:56.276000+00:00,16,30,4719,-8969,3963
2023-07-30T13:59:56.536000+00:00,16,30,4596,-8836,3952
2023-07-30T13:59:56.796000+00:00,16,30,4397,-8686,3937
2023-07-30T13:59:57.176000+00:00,16,30,4210,-8597,3924
2023-07-30T13:59:57.476000+00:00,16,30,3904,-8547,3903
2023-07-30T13:59:57.756000+00:00,16,30,3793,-8541,3901
2023-07-30T13:59:57.996000+00:00,16,30,3529,-8535,3876
2023-07-30T13:59:58.496000+00:00,16,30,3157,-8571,3850
2023-07-30T13:59:58.816000+00:00,16,30,3023,-8611,3841
2023-07-30T13:59:58.996000+00:00,16,30,2897,-8667,3832
2023-07-30T13:59:59.256000+00:00,16,30,2722,-8768,3820
2023-07-30T13:59:59.396000+00:00,16,30,2633,-8830,3814
2023-07-30T13:59:59.735000+00:00,16,30,2410,-9022,3798
2023-07-30T14:00:00.156000+00:00,16,30,2223,-9242,3786
2023-07-30T14:00:00.316000+00:00,16,30,2148,-9353,3781
2023-07-30T14:00:00.416000+00:00,16,30,2107,-9419,3779
2023-07-30T14:00:00.596000+00:00,16,30,2040,-9543,3774
2023-07-30T14:00:00.936000+00:00,16,30,1889,-9890,3764
2023-07-30T14:00:01.396000+00:00,16,30,1811,-10132,3757
2023-07-30T14:00:01.596000+00:00,16,30,1749,-10328,3752
2023-07-30T14:00:02.016000+00:00,16,30,1650,-10637,3748
2023-07-30T14:00:02.296000+00:00,16,30,1595,-10811,3746
2023-07-30T14:00:02.516000+00:00,16,30,1541,-10978,3745
2023-07-30T14:00:02.756000+00:00,16,30,1459,-11235,3745
2023-07-30T14:00:03.156000+00:00,16,30,1368,-11517,3746
2023-07-30T14:00:03.336000+00:00,16,30,1327,-11646,3747
2023-07-30T14:00:03.656000+00:00,16,30,1238,-11921,3751
2023-07-30T14:00:03.976000+00:00,16,30,1168,-12130,3753
2023-07-30T14:00:04.256000+00:00,16,30,1059,-12402,3756
2023-07-30T14:00:04.556000+00:00,16,30,1013,-12491,3756
2023-07-30T14:00:04.716000+00:00,16,30,967,-12565,3756
2023-07-30T14:00:05.096000+00:00,16,30,813,-12746,3758
2023-07-30T14:00:05.376000+00:00,16,30,731,-12817,3759
2023-07-30T14:00:05.536000+00:00,16,30,670,-12860,3760
2023-07-30T14:00:05.776000+00:00,16,30,571,-12910,3761
2023-07-30T14:00:05.996000+00:00,16,30,476,-12940,3762
2023-07-30T14:00:06.155000+00:00,16,30,404,-12951,3762
2023-07-30T14:00:06.355000+00:00,16,30,312,-12956,3763
2023-07-30T14:00:06.636000+00:00,16,30,192,-12948,3763
2023-07-30T14:00:06.836000+00:00,16,30,105,-12929,3764
2023-07-30T14:00:07.136000+00:00,16,30,-25,-12878,3765
2023-07-30T14:00:07.316000+00:00,16,30,-101,-12836,3766
2023-07-30T14:00:07.496000+00:00,16,30,-178,-12794,3766
2023-07-30T14:00:07.756000+00:00,16,30,-341,-12718,3766
2023-07-30T14:00:08.016000+00:00,16,30,-418,-12693,3766
2023-07-30T14:00:08.296000+00:00,16,30,-552,-12667,3765
2023-07-30T14:00:08.396000+00:00,16,30,-605,-12664,3765
2023-07-30T14:00:08.736000+00:00,16,30,-846,-12698,3763
2023-07-30T14:00:09.056000+00:00,16,30,-931,-12727,3762
2023-07-30T14:00:09.416000+00:00,16,30,-1091,-12811,3760
2023-07-30T14:00:09.596000+00:00,16,30,-1220,-12915,3758
2023-07-30T14:00:09.976000+00:00,16,30,-1344,-13051,3758
2023-07-30T14:00:10.256000+00:00,16,30,-1406,-13131,3757
2023-07-30T14:00:10.496000+00:00,16,30,-1484,-13245,3755
2023-07-30T14:00:10.736000+00:00,16,30,-1598,-13439,3751
2023-07-30T14:00:11.096000+00:00,16,30,-1660,-13558,3748
2023-07-30T14:00:11.416000+00:00,16,30,-1746,-13737,3743
2023-07-30T14:00:11.536000+00:00,16,30,-1778,-13806,3742
2023-07-30T14:00:11.776000+00:00,16,30,-1848,-13954,3738
2023-07-30T14:00:12.056000+00:00,16,30,-1935,-14129,3734
2023-07-30T14:00:12.256000+00:00,16,30,-1996,-14245,3730
2023-07-30T14:00:12.496000+00:00,16,30,-2072,-14379,3727
2023-07-30T14:00:12.735000+00:00,16,30,-2155,-14515,3723
2023-07-30T14:00:12.975000+00:00,16,30,-2214,-14600,3718
2023-07-30T14:00:13.296000+00:00,16,30,-2315,-14715,3712
2023-07-30T14:00:13.556000+00:00,16,30,-2405,-14788,3708
2023-07-30T14:00:13.636000+00:00,16,30,-2434,-14806,3706
2023-07-30T14:00:13.816000+00:00,16,30,-2498,-14839,3704
2023-07-30T14:00:13.976000+00:00,16,30,-2561,-14864,3702
2023-07-30T14:00:14.276000+00:00,16,30,-2683,-14883,3697
2023-07-30T14:00:14.556000+00:00,16,30,-2804,-14874,3692
2023-07-30T14:00:14.776000+00:00,16,30,-2896,-14858,3689
2023-07-30T14:00:14.976000+00:00,16,30,-3009,-14825,3685
2023-07-30T14:00:15.276000+00:00,16,30,-3104,-14786,3682
2023-07-30T14:00:15.476000+00:00,16,30,-3187,-14744,3680
2023-07-30T14:00:15.656000+00:00,16,30,-3263,-14700,3677
2023-07-30T14:00:15.956000+00:00,16,30,-3394,-14621,3672
2023-07-30T14:00:16.416000+00:00,16,30,-3575,-14496,3666
2023-07-30T14:00:16.496000+00:00,16,30,-3614,-14469,3666
2023-07-30T14:00:16.736000+00:00,16,30,-3727,-14388,3663
2023-07-30T14:00:16.976000+00:00,16,30,-3903,-14236,3658
2023-07-30T14:00:17.376000+00:00,16,30,-4070,-14052,3655
2023-07-30T14:00:17.876000+00:00,16,30,-4206,-13840,3655
2023-07-30T14:00:18.296000+00:00,16,30,-4308,-13586,3657
2023-07-30T14:00:18.636000+00:00,16,30,-4336,-13377,3661
2023-07-30T14:00:18.856000+00:00,16,30,-4329,-13158,3666
2023-07-30T14:00:19.296000+00:00,16,30,-4296,-12932,3673
2023-07-30T14:00:19.455000+00:00,16,30,-4271,-12815,3677
2023-07-30T14:00:19.695000+00:00,16,30,-4203,-12583,3685
2023-07-30T14:00:20.096000+00:00,16,30,-4096,-12314,3693
2023-07-30T14:00:20.536000+00:00,16,30,-3987,-12095,3702
2023-07-30T14:00:20.616000+00:00,16,30,-3953,-12037,3703
2023-07-30T14:00:20.836000+00:00,16,30,-3868,-11895,3708
2023-07-30T14:00:21.156000+00:00,16,30,-3696,-11642,3718
2023-07-30T14:00:21.436000+00:00,16,30,-3603,-11517,3722
2023-07-30T14:00:21.796000+00:00,16,30,-3373,-11235,3735
2023-07-30T14:00:22.156000+00:00,16,30,-3202,-11045,3743
2023-07-30T14:00:22.316000+00:00,16,30,-3114,-10952,3747
2023-07-30T14:00:22.516000+00:00,16,30,-3002,-10837,3752
2023-07-30T14:00:22.776000+00:00,16,30,-2851,-10690,3758
2023-07-30T14:00:22.936000+00:00,16,30,-2755,-10601,3762
2023-07-30T14:00:23.196000+00:00,16,30,-2594,-10461,3768
2023-07-30T14:00:23.356000+00:00,16,30,-2492,-10377,3771
2023-07-30T14:00:23.516000+00:00,16,30,-2395,-10300,3775
2023-07-30T14:00:23.796000+00:00,16,30,-2129,-10112,3783
2023-07-30T14:00:24.196000+00:00,16,30,-1924,-9981,3788
2023-07-30T14:00:24.436000+00:00,16,30,-1753,-9882,3793
2023-07-30T14:00:24.576000+00:00,16,30,-1650,-9823,3795
2023-07-30T14:00:24.756000+00:00,16,30,-1517,-9747,3798
2023-07-30T14:00:24.916000+00:00,16,30,-1399,-9679,3802
2023-07-30T14:00:25.156000+00:00,16,30,-1221,-9575,3806
2023-07-30T14:00:25.396000+00:00,16,30,-954,-9420,3812
2023-07-30T14:00:25.776000+00:00,16,30,-670,-9256,3819
2023-07-30T14:00:26.115000+00:00,16,30,-508,-9157,3823
2023-07-30T14:00:26.315000+00:00,16,30,-364,-9062,3826
2023-07-30T14:00:26.616000+00:00,16,30,-155,-8907,3832
2023-07-30T14:00:26.896000+00:00,16,30,92,-8687,3839
2023-07-30T14:00:27.236000+00:00,16,30,236,-8537,3844
2023-07-30T14:00:27.496000+00:00,16,30,447,-8270,3852
2023-07-30T14:00:27.816000+00:00,16,30,538,-8130,3856
2023-07-30T14:00:27.976000+00:00,16,30,609,-8008,3859
2023-07-30T14:00:28.196000+00:00,16,30,701,-7837,3865
2023-07-30T14:00:28.456000+00:00,16,30,801,-7631,3871
2023-07-30T14:00:28.656000+00:00,16,30,874,-7471,3877
2023-07-30T14:00:28.916000+00:00,16,30,965,-7262,3883
2023-07-30T14:00:29.096000+00:00,16,30,1023,-7124,3888
2023-07-30T14:00:29.256000+00:00,16,30,1079,-6985,3891
2023-07-30T14:00:29.436000+00:00,16,30,1136,-6838,3896
2023-07-30T14:00:29.716000+00:00,16,30,1218,-6606,3902
2023-07-30T14:00:29.996000+00:00,16,30,1285,-6369,3907
2023-07-30T14:00:30.156000+00:00,16,30,1315,-6233,3910
2023-07-30T14:00:30.336000+00:00,16,30,1336,-6081,3914
2023-07-30T14:00:30.496000+00:00,16,30,1343,-5949,3917
2023-07-30T14:00:30.736000+00:00,16,30,1336,-5738,3922
2023-07-30T14:00:30.836000+00:00,16,30,1326,-5641,3925
2023-07-30T14:00:31.216000+00:00,16,30,1205,-5183,3937
2023-07-30T14:00:31.576000+00:00,16,30,1095,-4888,3942
2023-07-30T14:00:31.976000+00:00,16,30,1012,-4687,3943
2023-07-30T14:00:32.216000+00:00,16,30,927,-4488,3945
2023-07-30T14:00:32.436000+00:00,16,30,851,-4313,3948
2023-07-30T14:00:32.695000+00:00,16,30,761,-4107,3950
2023-07-30T14:00:32.835000+00:00,16,30,717,-4004,3952
2023-07-30T14:00:33.096000+00:00,16,30,585,-3694,3959
2023-07-30T14:00:33.436000+00:00,16,30,513,-3518,3963
2023-07-30T14:00:33.676000+00:00,16,30,438,-3325,3969
2023-07-30T14:00:33.836000+00:00,16,30,363,-3106,3976
2023-07-30T14:00:34.256000+00:00,16,30,297,-2848,3984
2023-07-30T14:00:34.496000+00:00,16,30,254,-2654,3991
2023-07-30T14:00:34.676000+00:00,16,30,220,-2495,3997
2023-07-30T14:00:34.956000+00:00,16,30,172,-2251,4006
2023-07-30T14:00:35.316000+00:00,16,30,105,-1873,4021
2023-07-30T14:00:35.656000+00:00,16,30,80,-1719,4027
2023-07-30T14:00:35.836000+00:00,16,30,60,-1593,4031
2023-07-30T14:00:36.056000+00:00,16,30,39,-1460,4036
2023-07-30T14:00:36.256000+00:00,16,30,21,-1341,4041
2023-07-30T14:00:36.516000+00:00,16,30,4,-1210,4046
2023-07-30T14:00:36.696000+00:00,16,30,-5,-1127,4049
2023-07-30T14:00:36.936000+00:00,16,30,-12,-1027,4051
2023-07-30T14:00:37.156000+00:00,16,30,-10,-907,4055
2023-07-30T14:00:37.456000+00:00,16,30,-6,-850,4056
2023-07-30T14:00:37.776000+00:00,16,30,8,-760,4058
2023-07-30T14:00:37.976000+00:00,16,30,22,-714,4058
2023-07-30T14:00:38.276000+00:00,16,30,60,-640,4065
2023-07-30T14:00:38.656000+00:00,16,30,137,-575,4069
2023-07-30T14:00:39.075000+00:00,16,30,188,-559,4071
2023-07-30T14:00:39.275000+00:00,16,30,254,-552,4073
2023-07-30T14:00:39.716000+00:00,16,30,319,-551,4075
2023-07-30T14:00:39.976000+00:00,16,30,369,-545,4076
2023-07-30T14:00:40.316000+00:00,16,30,436,-526,4077
2023-07-30T14:00:40.476000+00:00,16,30,463,-512,4079
2023-07-30T14:00:40.676000+00:00,16,30,503,-477,4082
2023-07-30T14:00:41.056000+00:00,16,30,533,-427,4084
2023-07-30T14:00:41.316000+00:00,16,30,548,-372,4087
2023-07-30T14:00:41.616000+00:00,16,30,550,-328,4090
2023-07-30T14:00:41.796000+00:00,16,30,548,-295,4092
2023-07-30T14:00:41.976000+00:00,16,30,544,-263,4094
2023-07-30T14:00:42.316000+00:00,16,30,523,-183,4097
2023-07-30T14:00:42.756000+00:00,16,30,479,-80,4101
2023-07-30T14:00:43.096000+00:00,16,30,456,-36,4102
2023-07-30T14:00:43.356000+00:00,16,30,422,20,4104
2023-07-30T14:00:43.536000+00:00,16,30,393,66,4105
2023-07-30T14:00:43.796000+00:00,16,30,349,133,4108
2023-07-30T14:00:43.956000+00:00,16,30,320,176,4109
2023-07-30T14:00:44.216000+00:00,16,30,253,275,4112
2023-07-30T14:00:44.636000+00:00,16,30,178,384,4115
2023-07-30T14:00:44.836000+00:00,16,30,124,464,4118
2023-07-30T14:00:45.196000+00:00,16,30,2,646,4123
2023-07-30T14:00:45.476000+00:00,16,30,-35,704,4124
2023-07-30T14:00:45.715000+00:00,16,30,-102,804,4126
2023-07-30T14:00:46.035000+00:00,16,30,-201,954,4129
2023-07-30T14:00:46.276000+00:00,16,30,-278,1070,4138
2023-07-30T14:00:46.436000+00:00,16,30,-330,1149,4133
2023-07-30T14:00:46.636000+00:00,16,30,-393,1244,4136
2023-07-30T14:00:46.856000+00:00,16,30,-469,1358,4138
2023-07-30T14:06:20.776000+00:00,16,34,-523,1440,4140
2023-07-30T14:06:20.936000+00:00,16,34,-581,1527,4142
2023-07-30T14:06:21.136000+00:00,16,34,-653,1637,4144
2023-07-30T14:06:21.376000+00:00,16,34,-743,1772,4147
2023-07-30T14:06:21.576000+00:00,16,34,-819,1887,4150
2023-07-30T14:06:21.836000+00:00,16,34,-951,2087,4155
2023-07-30T14:06:22.216000+00:00,16,34,-1070,2266,4158
2023-07-30T14:06:22.396000+00:00,16,34,-1141,2374,4161
2023-07-30T14:06:22.456000+00:00,16,34,-1166,2410,4162
2023-07-30T14:06:22.716000+00:00,16,34,-1270,2569,4165
2023-07-30T14:06:22.916000+00:00,16,34,-1352,2691,4168
2023-07-30T14:06:23.136000+00:00,16,34,-1441,2827,4172
2023-07-30T14:06:23.336000+00:00,16,34,-1523,2950,4175
2023-07-30T14:06:23.676000+00:00,16,34,-1664,3163,4180
2023-07-30T14:06:23.856000+00:00,16,34,-1754,3299,4183
2023-07-30T14:06:24.196000+00:00,16,34,-1917,3545,4193
2023-07-30T14:06:24.596000+00:00,16,34,-2067,3773,4205
2023-07-30T14:06:24.996000+00:00,16,34,-2134,3880,4211
2023-07-30T14:06:25.296000+00:00,16,34,-2199,3991,4216
2023-07-30T14:06:25.516000+00:00,16,34,-2236,4063,4218
2023-07-30T14:06:25.596000+00:00,16,34,-2248,4087,4219
2023-07-30T14:06:25.836000+00:00,16,34,-2276,4157,4222
2023-07-30T14:06:26.136000+00:00,16,34,-2302,4254,4223
2023-07-30T14:06:26.536000+00:00,16,34,-2308,4337,4223
2023-07-30T14:06:26.696000+00:00,16,34,-2305,4373,4222
2023-07-30T14:06:26.876000+00:00,16,34,-2297,4412,4219
2023-07-30T14:06:27.036000+00:00,16,34,-2286,4442,4217
2023-07-30T14:06:27.236000+00:00,16,34,-2265,4477,4219
2023-07-30T14:06:27.496000+00:00,16,34,-2229,4512,4221
2023-07-30T14:06:27.776000+00:00,16,34,-2178,4538,4218
2023-07-30T14:06:28.016000+00:00,16,34,-2121,4549,4216
2023-07-30T14:06:28.416000+00:00,16,34,-2038,4541,4212
2023-07-30T14:06:28.656000+00:00,16,34,-2000,4532,4210
2023-07-30T14:06:28.896000+00:00,16,34,-1948,4518,4206
2023-07-30T14:06:29.256000+00:00,16,34,-1863,4488,4203
2023-07-30T14:06:29.456000+00:00,16,34,-1813,4468,4200
2023-07-30T14:06:29.576000+00:00,16,34,-1781,4455,4199
2023-07-30T14:06:29.876000+00:00,16,34,-1656,4397,4190
2023-07-30T14:06:30.156000+00:00,16,34,-1613,4376,4187
2023-07-30T14:06:30.416000+00:00,16,34,-1526,4333,4181
2023-07-30T14:06:30.696000+00:00,16,34,-1426,4282,4172
2023-07-30T14:06:30.756000+00:00,16,34,-1403,4270,4171
2023-07-30T14:06:31.056000+00:00,16,34,-1199,4166,4156
2023-07-30T14:06:31.456000+00:00,16,34,-1066,4098,4146
2023-07-30T14:06:31.736000+00:00,16,34,-903,4014,4134
2023-07-30T14:06:32.076000+00:00,16,34,-720,3918,4120
2023-07-30T14:06:32.436000+00:00,16,34,-572,3836,4109
2023-07-30T14:06:32.596000+00:00,16,34,-485,3786,4104
2023-07-30T14:06:32.816000+00:00,16,34,-365,3713,4094
2023-07-30T14:06:33.096000+00:00,16,34,-133,3560,4076
2023-07-30T14:06:33.516000+00:00,16,34,21,3449,4064
2023-07-30T14:06:33.796000+00:00,16,34,223,3295,4051
2023-07-30T14:06:34.036000+00:00,16,34,313,3223,4045
2023-07-30T14:06:34.276000+00:00,16,34,448,3111,4036
2023-07-30T14:06:34.596000+00:00,16,34,624,2949,4026
2023-07-30T14:06:34.756000+00:00,16,34,711,2865,4019
2023-07-30T14:06:34.976000+00:00,16,34,894,2680,4005
2023-07-30T14:06:35.376000+00:00,16,34,1046,2523,3994
2023-07-30T14:06:35.676000+00:00,16,34,1205,2357,3983
2023-07-30T14:06:35.796000+00:00,16,34,1271,2288,3978
2023-07-30T14:06:35.996000+00:00,16,34,1376,2177,3971
2023-07-30T14:06:36.216000+00:00,16,34,1503,2042,3961
2023-07-30T14:06:36.476000+00:00,16,34,1681,1852,3947
2023-07-30T14:06:36.776000+00:00,16,34,1816,1707,3938
2023-07-30T14:06:37.056000+00:00,16,34,1973,1536,3927
2023-07-30T14:06:37.236000+00:00,16,34,2136,1357,3917
2023-07-30T14:06:37.596000+00:00,16,34,2275,1198,3908
2023-07-30T14:06:37.876000+00:00,16,34,2500,946,3894
2023-07-30T14:06:38.256000+00:00,16,34,2646,792,3888
2023-07-30T14:06:39.016000+00:00,16,34,3213,409,3903
2023-07-30T14:06:39.196000+00:00,16,34,3350,336,3919
2023-07-30T14:06:39.456000+00:00,16,34,3523,205,3947
2023-07-30T14:06:39.676000+00:00,16,34,3646,69,3972
2023-07-30T14:06:39.836000+00:00,16,34,3716,-36,3991
2023-07-30T14:06:40.076000+00:00,16,34,3813,-229,4023
2023-07-30T14:06:40.396000+00:00,16,34,3928,-564,4068
2023-07-30T14:06:40.676000+00:00,16,34,3956,-713,4085
2023-07-30T14:06:40.876000+00:00,16,34,3981,-881,4101
2023-07-30T14:06:41.096000+00:00,16,34,4014,-1052,4115
2023-07-30T14:06:41.416000+00:00,16,34,4111,-1302,4133
2023-07-30T14:06:41.636000+00:00,16,34,4270,-1586,4149
2023-07-30T14:06:41.976000+00:00,16,34,4435,-1845,4163
2023-07-30T14:06:42.396000+00:00,16,34,4566,-2034,4172
2023-07-30T14:06:42.576000+00:00,16,34,4658,-2157,4180
2023-07-30T14:06:42.816000+00:00,16,34,4839,-2396,4193
2023-07-30T14:06:43.276000+00:00,16,34,5022,-2644,4207
2023-07-30T14:06:43.436000+00:00,16,34,5103,-2754,4213
2023-07-30T14:06:43.656000+00:00,16,34,5214,-2907,4222
2023-07-30T14:06:43.836000+00:00,16,34,5303,-3033,4229
2023-07-30T14:06:44.096000+00:00,16,34,5462,-3267,4242
2023-07-30T14:06:44.476000+00:00,16,34,5605,-3491,4253
2023-07-30T14:06:44.676000+00:00,16,34,5678,-3615,4259
2023-07-30T14:06:44.816000+00:00,16,34,5740,-3727,4265
2023-07-30T14:06:45.036000+00:00,16,34,5826,-3894,4273
2023-07-30T14:06:45.216000+00:00,16,34,5893,-4034,4281
2023-07-30T14:06:45.536000+00:00,16,34,5997,-4278,4294
2023-07-30T14:06:45.796000+00:00,16,34,6077,-4496,4306
2023-07-30T14:06:45.876000+00:00,16,34,6099,-4561,4309
2023-07-30T14:06:46.216000+00:00,16,34,6207,-4888,4323
2023-07-30T14:06:46.556000+00:00,16,34,6322,-5233,4339
2023-07-30T14:06:47.016000+00:00,16,34,6410,-5497,4351
2023-07-30T14:06:47.196000+00:00,16,34,6473,-5687,4361
2023-07-30T14:06:47.556000+00:00,16,34,6558,-5943,4373
2023-07-30T14:06:47.815000+00:00,16,34,6625,-6145,4383
2023-07-30T14:06:47.956000+00:00,16,34,6664,-6261,4388
2023-07-30T14:06:48.236000+00:00,16,34,6741,-6493,4399
2023-07-30T14:06:48.476000+00:00,16,34,6805,-6683,4408
2023-07-30T14:06:48.656000+00:00,16,34,6857,-6841,4416
2023-07-30T14:06:48.836000+00:00,16,34,6905,-6982,4423
2023-07-30T14:06:48.896000+00:00,16,34,6924,-7040,4426
2023-07-30T14:06:49.276000+00:00,16,34,7050,-7412,4443
2023-07-30T14:06:49.576000+00:00,16,34,7114,-7602,4453
2023-07-30T14:06:49.876000+00:00,16,34,7197,-7850,4465
2023-07-30T14:06:49.956000+00:00,16,34,7219,-7917,4468
2023-07-30T14:06:50.196000+00:00,16,34,7286,-8114,4477
2023-07-30T14:06:50.476000+00:00,16,34,7364,-8345,4489
2023-07-30T14:06:51.476000+00:00,16,34,7636,-9154,4527
2023-07-30T14:06:51.736000+00:00,16,34,7710,-9373,4538
2023-07-30T14:06:51.936000+00:00,16,34,7766,-9538,4547
2023-07-30T14:06:52.236000+00:00,16,34,7881,-9886,4563
2023-07-30T14:06:52.616000+00:00,16,34,7947,-10086,4573
2023-07-30T14:06:52.916000+00:00,16,34,8022,-10314,4584
2023-07-30T14:06:53.116000+00:00,16,34,8074,-10463,4591
2023-07-30T14:06:53.356000+00:00,16,34,8148,-10680,4602
2023-07-30T14:06:53.716000+00:00,16,34,8212,-10876,4611
2023-07-30T14:06:53.976000+00:00,16,34,8257,-11025,4617
2023-07-30T14:06:54.176000+00:00,16,34,8295,-11191,4624
2023-07-30T14:06:54.536000+00:00,16,34,8313,-11363,4631
2023-07-30T14:06:54.996000+00:00,16,34,8299,-11503,4636
2023-07-30T14:06:55.116000+00:00,16,34,8287,-11550,4637
2023-07-30T14:06:55.336000+00:00,16,34,8253,-11632,4641
2023-07-30T14:06:55.596000+00:00,16,34,8207,-11706,4644
2023-07-30T14:06:55.756000+00:00,16,34,8176,-11747,4647
2023-07-30T14:06:55.896000+00:00,16,34,8137,-11793,4650
2023-07-30T14:06:56.196000+00:00,16,34,8055,-11883,4654
2023-07-30T14:06:56.476000+00:00,16,34,7947,-11997,4657
2023-07-30T14:06:56.896000+00:00,16,34,7868,-12102,4661
2023-07-30T14:06:56.976000+00:00,16,34,7853,-12129,4661
2023-07-30T14:06:57.176000+00:00,16,34,7821,-12202,4663
2023-07-30T14:06:57.496000+00:00,16,34,7793,-12347,4666
2023-07-30T14:06:57.916000+00:00,16,34,7796,-12504,4670
2023-07-30T14:06:58.016000+00:00,16,34,7802,-12546,4671
2023-07-30T14:06:58.256000+00:00,16,34,7824,-12647,4673
2023-07-30T14:06:58.556000+00:00,16,34,7864,-12772,4674
2023-07-30T14:06:58.736000+00:00,16,34,7894,-12854,4675
2023-07-30T14:06:58.916000+00:00,16,34,7924,-12931,4676
2023-07-30T14:06:59.136000+00:00,16,34,7964,-13039,4677
2023-07-30T14:06:59.356000+00:00,16,34,8018,-13212,4679
2023-07-30T14:06:59.656000+00:00,16,34,8034,-13285,4679
2023-07-30T14:06:59.876000+00:00,16,34,8046,-13396,4678
2023-07-30T14:07:00.096000+00:00,16,34,8040,-13512,4677
2023-07-30T14:07:00.336000+00:00,16,34,8013,-13635,4676
2023-07-30T14:07:00.516000+00:00,16,34,7981,-13721,4675
2023-07-30T14:07:00.816000+00:00,16,34,7909,-13861,4674
2023-07-30T14:07:00.976000+00:00,16,34,7863,-13928,4674
2023-07-30T14:07:01.136000+00:00,16,34,7758,-14046,4673
2023-07-30T14:07:01.576000+00:00,16,34,7575,-14191,4669
2023-07-30T14:07:01.996000+00:00,16,34,7435,-14286,4664
2023-07-30T14:07:02.276000+00:00,16,34,7255,-14408,4658
2023-07-30T14:07:02.656000+00:00,16,34,7094,-14518,4652
2023-07-30T14:07:02.896000+00:00,16,34,6904,-14654,4644
2023-07-30T14:07:03.336000+00:00,16,34,6690,-14813,4632
2023-07-30T14:07:03.576000+00:00,16,34,6569,-14904,4626
2023-07-30T14:07:03.816000+00:00,16,34,6439,-15004,4619
2023-07-30T14:07:04.076000+00:00,16,34,6297,-15114,4610
2023-07-30T14:07:04.296000+00:00,16,34,6178,-15206,4603
2023-07-30T14:07:04.596000+00:00,16,34,6021,-15329,4592
2023-07-30T14:07:04.816000+00:00,16,34,5840,-15467,4579
2023-07-30T14:07:05.196000+00:00,16,34,5642,-15592,4563
2023-07-30T14:07:05.536000+00:00,16,34,5549,-15645,4555
2023-07-30T14:07:05.796000+00:00,16,34,5404,-15719,4544
2023-07-30T14:07:06.156000+00:00,16,34,5244,-15767,4533
2023-07-30T14:07:06.616000+00:00,16,34,5109,-15763,4523
2023-07-30T14:07:06.796000+00:00,16,34,5044,-15749,4517
2023-07-30T14:07:07.016000+00:00,16,34,4972,-15719,4512
2023-07-30T14:07:07.176000+00:00,16,34,4924,-15689,4507
2023-07-30T14:07:08.116000+00:00,16,34,4737,-15437,4482
2023-07-30T14:07:08.276000+00:00,16,34,4725,-15386,4479
2023-07-30T14:07:08.536000+00:00,16,34,4719,-15302,4473
2023-07-30T14:07:08.696000+00:00,16,34,4731,-15206,4466
2023-07-30T14:07:09.016000+00:00,16,34,4746,-15149,4461
2023-07-30T14:07:09.356000+00:00,16,34,4818,-15001,4448
2023-07-30T14:07:09.796000+00:00,16,34,4896,-14903,4440
2023-07-30T14:07:10.196000+00:00,16,34,4996,-14810,4432
2023-07-30T14:07:10.276000+00:00,16,34,5025,-14787,4429
2023-07-30T14:07:10.516000+00:00,16,34,5106,-14725,4422
2023-07-30T14:07:10.716000+00:00,16,34,5180,-14676,4416
2023-07-30T14:07:10.916000+00:00,16,34,5261,-14627,4408
2023-07-30T14:07:11.216000+00:00,16,34,5455,-14522,4392
2023-07-30T14:07:11.616000+00:00,16,34,5572,-14460,4382
2023-07-30T14:07:11.776000+00:00,16,34,5626,-14430,4378
2023-07-30T14:07:12.096000+00:00,16,34,5778,-14335,4365
2023-07-30T14:07:12.256000+00:00,16,34,5848,-14281,4360
2023-07-30T14:07:12.336000+00:00,16,34,5881,-14253,4356
2023-07-30T14:07:12.696000+00:00,16,34,6006,-14115,4342
2023-07-30T14:07:12.876000+00:00,16,34,6055,-14038,4336
2023-07-30T14:07:13.096000+00:00,16,34,6097,-13940,4330
2023-07-30T14:07:13.176000+00:00,16,34,6107,-13900,4327
2023-07-30T14:07:13.456000+00:00,16,34,6127,-13757,4318
2023-07-30T14:07:13.616000+00:00,16,34,6126,-13675,4312
2023-07-30T14:07:13.876000+00:00,16,34,6109,-13539,4304
2023-07-30T14:07:14.116000+00:00,16,34,6078,-13412,4296
2023-07-30T14:07:14.376000+00:00,16,34,6017,-13235,4290
2023-07-30T14:07:14.776000+00:00,16,34,5918,-13000,4263
2023-07-30T14:07:15.156000+00:00,16,34,5850,-12838,4248
2023-07-30T14:07:15.256000+00:00,16,34,5825,-12779,4244
2023-07-30T14:07:15.496000+00:00,16,34,5766,-12634,4231
2023-07-30T14:07:15.696000+00:00,16,34,5719,-12516,4224
2023-07-30T14:07:15.996000+00:00,16,34,5644,-12318,4209
2023-07-30T14:07:16.256000+00:00,16,34,5588,-12147,4196
2023-07-30T14:07:16.416000+00:00,16,34,5555,-12038,4189
2023-07-30T14:07:16.616000+00:00,16,34,5502,-11843,4174
2023-07-30T14:07:16.916000+00:00,16,34,5462,-11686,4163
2023-07-30T14:07:17.176000+00:00,16,34,5416,-11498,4149
2023-07-30T14:07:17.456000+00:00,16,34,5351,-11216,4129
2023-07-30T14:07:17.736000+00:00,16,34,5324,-11088,4121
2023-07-30T14:07:18.656000+00:00,16,34,5153,-10283,4064
2023-07-30T14:07:18.956000+00:00,16,34,5122,-10143,4054
2023-07-30T14:07:19.296000+00:00,16,34,5066,-9885,4036
2023-07-30T14:07:19.436000+00:00,16,34,5040,-9767,4027
2023-07-30T14:07:19.656000+00:00,16,34,5000,-9597,4015
2023-07-30T14:07:19.836000+00:00,16,34,4966,-9469,4008
2023-07-30T14:07:20.096000+00:00,16,34,4880,-9238,3987
2023-07-30T14:07:20.496000+00:00,16,34,4784,-9060,3972
2023-07-30T14:07:20.756000+00:00,16,34,4673,-8914,3959
2023-07-30T14:07:20.956000+00:00,16,34,4539,-8787,3947
2023-07-30T14:07:21.196000+00:00,16,34,4437,-8711,3940
2023-07-30T14:07:21.476000+00:00,16,34,4274,-8622,3928
2023-07-30T14:07:21.656000+00:00,16,34,4158,-8582,3922
2023-07-30T14:07:21.836000+00:00,16,34,4025,-8558,3912
2023-07-30T14:07:22.016000+00:00,16,34,3899,-8547,3902
2023-07-30T14:07:22.276000+00:00,16,34,3702,-8537,3889
2023-07-30T14:07:22.556000+00:00,16,34,3426,-8538,3870
2023-07-30T14:07:22.876000+00:00,16,34,3266,-8552,3858
2023-07-30T14:07:23.056000+00:00,16,34,3139,-8575,3849
2023-07-30T14:07:23.296000+00:00,16,34,2972,-8632,3838
2023-07-30T14:07:23.616000+00:00,16,34,2755,-8747,3822
2023-07-30T14:07:23.836000+00:00,16,34,2616,-8842,3812
2023-07-30T14:07:23.996000+00:00,16,34,2520,-8919,3806
2023-07-30T14:07:24.276000+00:00,16,34,2370,-9064,3795
2023-07-30T14:07:24.316000+00:00,16,34,2349,-9087,3794
2023-07-30T14:07:24.556000+00:00,16,34,2226,-9238,3786
2023-07-30T14:07:24.816000+00:00,16,34,2113,-9409,3779
2023-07-30T14:07:25.096000+00:00,16,34,1970,-9691,3770
2023-07-30T14:07:25.476000+00:00,16,34,1859,-9978,3761
2023-07-30T14:07:25.776000+00:00,16,34,1818,-10109,3757
2023-07-30T14:07:26.036000+00:00,16,34,1756,-10306,3753
2023-07-30T14:07:26.356000+00:00,16,34,1679,-10549,3748
2023-07-30T14:07:26.376000+00:00,16,34,1674,-10564,3748
2023-07-30T14:07:26.736000+00:00,16,34,1561,-10914,3745
2023-07-30T14:07:27.136000+00:00,16,34,1488,-11143,3745
2023-07-30T14:07:27.296000+00:00,16,34,1452,-11257,3745
2023-07-30T14:07:27.416000+00:00,16,34,1422,-11348,3745
2023-07-30T14:07:27.616000+00:00,16,34,1372,-11505,3746
2023-07-30T14:07:27.936000+00:00,16,34,1270,-11824,3749
2023-07-30T14:07:28.216000+00:00,16,34,1235,-11930,3751
2023-07-30T14:07:28.536000+00:00,16,34,1160,-12153,3753
2023-07-30T14:07:28.756000+00:00,16,34,1112,-12279,3755
2023-07-30T14:07:28.976000+00:00,16,34,1059,-12402,3756
2023-07-30T14:07:29.236000+00:00,16,34,963,-12571,3756
2023-07-30T14:07:29.596000+00:00,16,34,882,-12675,3757
2023-07-30T14:07:29.796000+00:00,16,34,813,-12746,3758
2023-07-30T14:07:30.056000+00:00,16,34,681,-12853,3760
2023-07-30T14:07:30.396000+00:00,16,34,589,-12903,3761
2023-07-30T14:07:30.576000+00:00,16,34,509,-12932,3762
2023-07-30T14:07:30.896000+00:00,16,34,363,-12954,3763
2023-07-30T14:07:31.136000+00:00,16,34,205,-12950,3763
2023-07-30T14:07:31.456000+00:00,16,34,105,-12930,3764
2023-07-30T14:07:31.756000+00:00,16,34,-23,-12879,3765
2023-07-30T14:07:31.956000+00:00,16,34,-236,-12765,3766
2023-07-30T14:07:32.296000+00:00,16,34,-345,-12717,3766
2023-07-30T14:07:32.556000+00:00,16,34,-509,-12673,3765
2023-07-30T14:07:32.936000+00:00,16,34,-722,-12672,3763
2023-07-30T14:07:33.296000+00:00,16,34,-848,-12698,3762
2023-07-30T14:07:33.476000+00:00,16,34,-930,-12726,3762
2023-07-30T14:07:33.796000+00:00,16,34,-1081,-12804,3760
2023-07-30T14:07:34.036000+00:00,16,34,-1189,-12887,3759
2023-07-30T14:07:34.376000+00:00,16,34,-1307,-13007,3758
2023-07-30T14:07:34.556000+00:00,16,34,-1374,-13089,3757
2023-07-30T14:07:34.716000+00:00,16,34,-1429,-13163,3756
2023-07-30T14:07:34.916000+00:00,16,34,-1494,-13259,3754
2023-07-30T14:07:35.216000+00:00,16,34,-1585,-13414,3751
2023-07-30T14:07:35.956000+00:00,16,34,-1787,-13825,3741
2023-07-30T14:07:36.216000+00:00,16,34,-1884,-14027,3736
2023-07-30T14:07:36.496000+00:00,16,34,-1967,-14191,3732
2023-07-30T14:07:36.636000+00:00,16,34,-2010,-14270,3730
2023-07-30T14:07:36.876000+00:00,16,34,-2083,-14397,3727
2023-07-30T14:07:37.036000+00:00,16,34,-2132,-14478,3724
2023-07-30T14:07:37.316000+00:00,16,34,-2213,-14599,3718
2023-07-30T14:07:37.596000+00:00,16,34,-2302,-14703,3713
2023-07-30T14:07:37.636000+00:00,16,34,-2316,-14716,3712
2023-07-30T14:07:37.876000+00:00,16,34,-2398,-14783,3708
2023-07-30T14:07:38.196000+00:00,16,34,-2563,-14864,3702
2023-07-30T14:07:38.596000+00:00,16,34,-2668,-14882,3698
2023-07-30T14:07:38.676000+00:00,16,34,-2701,-14883,3696
2023-07-30T14:07:39.036000+00:00,16,34,-2854,-14866,3690
2023-07-30T14:07:39.256000+00:00,16,34,-2955,-14842,3686
2023-07-30T14:07:39.576000+00:00,16,34,-3072,-14800,3683
2023-07-30T14:07:39.896000+00:00,16,34,-3244,-14711,3677
2023-07-30T14:07:40.316000+00:00,16,34,-3404,-14614,3672
2023-07-30T14:07:40.716000+00:00,16,34,-3567,-14502,3667
2023-07-30T14:07:41.056000+00:00,16,34,-3682,-14422,3664
2023-07-30T14:07:41.296000+00:00,16,34,-3831,-14302,3660
2023-07-30T14:07:41.716000+00:00,16,34,-3979,-14159,3657
2023-07-30T14:07:41.896000+00:00,16,34,-4104,-14007,3655
2023-07-30T14:07:42.356000+00:00,16,34,-4216,-13822,3655
2023-07-30T14:07:42.596000+00:00,16,34,-4278,-13681,3656
2023-07-30T14:07:42.636000+00:00,16,34,-4286,-13657,3656
2023-07-30T14:07:42.916000+00:00,16,34,-4328,-13485,3659
2023-07-30T14:07:43.236000+00:00,16,34,-4333,-13207,3665
2023-07-30T14:07:43.536000+00:00,16,34,-4319,-13073,3669
2023-07-30T14:07:43.856000+00:00,16,34,-4271,-12819,3677
2023-07-30T14:07:44.236000+00:00,16,34,-4210,-12605,3684
2023-07-30T14:07:44.476000+00:00,16,34,-4151,-12445,3689
2023-07-30T14:07:44.636000+00:00,16,34,-4107,-12338,3693
2023-07-30T14:07:44.716000+00:00,16,34,-4083,-12286,3694
2023-07-30T14:07:44.996000+00:00,16,34,-3991,-12103,3701
2023-07-30T14:07:45.236000+00:00,16,34,-3905,-11955,3707
2023-07-30T14:07:45.396000+00:00,16,34,-3778,-11758,3713
2023-07-30T14:07:45.816000+00:00,16,34,-3658,-11591,3720
2023-07-30T14:07:45.976000+00:00,16,34,-3579,-11486,3724
2023-07-30T14:07:46.156000+00:00,16,34,-3491,-11377,3728
2023-07-30T14:07:46.436000+00:00,16,34,-3276,-11126,3739
2023-07-30T14:07:46.776000+00:00,16,34,-3169,-11009,3744
2023-07-30T14:07:46.976000+00:00,16,34,-3058,-10894,3749
2023-07-30T14:07:47.296000+00:00,16,34,-2810,-10652,3760
2023-07-30T14:07:47.616000+00:00,16,34,-2683,-10537,3765
2023-07-30T14:07:47.856000+00:00,16,34,-2533,-10410,3770
2023-07-30T14:07:48.136000+00:00,16,34,-2352,-10268,3777
2023-07-30T14:07:48.396000+00:00,16,34,-2176,-10144,3782
2023-07-30T14:07:48.576000+00:00,16,34,-2051,-10060,3785
2023-07-30T14:07:48.756000+00:00,16,34,-1800,-9908,3792
2023-07-30T14:07:49.216000+00:00,16,34,-1551,-9766,3798
2023-07-30T14:07:49.516000+00:00,16,34,-1345,-9647,3803
2023-07-30T14:07:49.756000+00:00,16,34,-1168,-9544,3807
2023-07-30T14:07:50.016000+00:00,16,34,-975,-9432,3812
2023-07-30T14:07:50.256000+00:00,16,34,-721,-9286,3818
2023-07-30T14:07:50.516000+00:00,16,34,-602,-9215,3820
2023-07-30T14:07:50.736000+00:00,16,34,-441,-9114,3824
2023-07-30T14:07:51.016000+00:00,16,34,-250,-8980,3829
2023-07-30T14:07:51.236000+00:00,16,34,-94,-8857,3834
2023-07-30T14:07:51.496000+00:00,16,34,73,-8705,3839
2023-07-30T14:07:51.696000+00:00,16,34,196,-8581,3843
2023-07-30T14:07:51.796000+00:00,16,34,272,-8497,3845
2023-07-30T14:07:52.056000+00:00,16,34,473,-8232,3852
2023-07-30T14:07:52.396000+00:00,16,34,575,-8068,3858
2023-07-30T14:07:52.656000+00:00,16,34,681,-7875,3864
2023-07-30T14:07:52.956000+00:00,16,34,802,-7630,3872
2023-07-30T14:07:53.116000+00:00,16,34,910,-7389,3879
2023-07-30T14:07:53.516000+00:00,16,34,1000,-7179,3886
2023-07-30T14:07:53.756000+00:00,16,34,1076,-6991,3891
2023-07-30T14:07:53.816000+00:00,16,34,1099,-6933,3893
2023-07-30T14:07:54.036000+00:00,16,34,1165,-6760,3898
2023-07-30T14:07:54.276000+00:00,16,34,1235,-6551,3903
2023-07-30T14:07:54.436000+00:00,16,34,1273,-6416,3906
2023-07-30T14:07:54.816000+00:00,16,34,1335,-6101,3913
2023-07-30T14:07:54.956000+00:00,16,34,1343,-5969,3916
2023-07-30T14:07:55.216000+00:00,16,34,1327,-5651,3925
2023-07-30T14:07:55.636000+00:00,16,34,1270,-5377,3932
2023-07-30T14:07:55.836000+00:00,16,34,1213,-5204,3936
2023-07-30T14:07:55.956000+00:00,16,34,1177,-5103,3938
2023-07-30T14:07:56.196000+00:00,16,34,1069,-4824,3942
2023-07-30T14:07:56.616000+00:00,16,34,926,-4485,3946
2023-07-30T14:07:56.976000+00:00,16,34,786,-4164,3950
2023-07-30T14:07:57.356000+00:00,16,34,706,-3979,3952
2023-07-30T14:07:57.676000+00:00,16,34,576,-3672,3959
2023-07-30T14:07:58.116000+00:00,16,34,450,-3356,3968
2023-07-30T14:07:58.276000+00:00,16,34,405,-3234,3971
2023-07-30T14:07:58.556000+00:00,16,34,305,-2886,3983
2023-07-30T14:07:58.836000+00:00,16,34,278,-2767,3987
2023-07-30T14:07:59.036000+00:00,16,34,240,-2591,3993
2023-07-30T14:07:59.376000+00:00,16,34,177,-2280,4006
2023-07-30T14:07:59.636000+00:00,16,34,145,-2104,4012
2023-07-30T14:07:59.836000+00:00,16,34,117,-1946,4018
2023-07-30T14:08:00.136000+00:00,16,34,66,-1631,4030
2023-07-30T14:08:00.436000+00:00,16,34,47,-1511,4035
2023-07-30T14:08:01.616000+00:00,16,34,-10,-905,4055
2023-07-30T14:08:02.036000+00:00,16,34,4,-779,4058
2023-07-30T14:08:02.296000+00:00,16,34,17,-726,4059
2023-07-30T14:08:02.556000+00:00,16,34,43,-667,4062
2023-07-30T14:08:02.756000+00:00,16,34,71,-626,4066
2023-07-30T14:08:03.016000+00:00,16,34,113,-588,4068
2023-07-30T14:08:03.296000+00:00,16,34,195,-558,4071
2023-07-30T14:08:03.536000+00:00,16,34,215,-555,4072
2023-07-30T14:08:03.756000+00:00,16,34,257,-552,4073
2023-07-30T14:08:03.956000+00:00,16,34,299,-552,4074
2023-07-30T14:08:04.336000+00:00,16,34,375,-544,4076
2023-07-30T14:08:04.516000+00:00,16,34,426,-530,4077
2023-07-30T14:08:04.916000+00:00,16,34,485,-496,4080
2023-07-30T14:08:05.116000+00:00,16,34,524,-447,4084
2023-07-30T14:08:05.516000+00:00,16,34,533,-424,4084
2023-07-30T14:08:05.696000+00:00,16,34,543,-393,4086
2023-07-30T14:08:05.956000+00:00,16,34,550,-347,4089
2023-07-30T14:08:06.136000+00:00,16,34,550,-315,4091
2023-07-30T14:08:06.416000+00:00,16,34,541,-249,4095
2023-07-30T14:08:06.716000+00:00,16,34,531,-208,4096
2023-07-30T14:08:06.976000+00:00,16,34,514,-159,4098
2023-07-30T14:08:07.156000+00:00,16,34,499,-123,4099
2023-07-30T14:08:07.396000+00:00,16,34,466,-55,4101
2023-07-30T14:08:07.856000+00:00,16,34,419,25,4104
2023-07-30T14:08:07.956000+00:00,16,34,403,51,4105
2023-07-30T14:08:08.236000+00:00,16,34,344,140,4108
2023-07-30T14:08:08.676000+00:00,16,34,276,240,4111
2023-07-30T14:08:08.836000+00:00,16,34,243,288,4112
2023-07-30T14:08:09.076000+00:00,16,34,191,364,4115
2023-07-30T14:08:09.296000+00:00,16,34,139,442,4117
2023-07-30T14:08:09.656000+00:00,16,34,20,620,4122
2023-07-30T14:08:10.116000+00:00,16,34,-98,798,4126
2023-07-30T14:08:10.396000+00:00,16,34,-158,888,4128
2023-07-30T14:08:10.636000+00:00,16,34,-232,1001,4130
2023-07-30T14:08:10.976000+00:00,16,34,-359,1192,4135
2023-07-30T14:08:11.216000+00:00,16,34,-426,1294,4137
